pdb	chain	mutation	mcsm_ppi2_prediction	actual
1A22	A	M14A	0.0031433333	0.1
1A22	A	H18A	-0.36547	-0.5
1A22	A	H21A	0.2480533333	0.2
1A22	A	Q22A	-0.1966666667	-0.2
1A22	A	F25A	-0.1402133333	-0.4
1A22	A	D26A	-0.2087066667	-0.2
1A22	A	Q29A	-0.4553466667	-0.6
1A22	A	Y42A	0.3278333333	0.2
1A22	A	L45A	1.225	1.2
1A22	A	Q46A	0.2163966667	0.1
1A22	A	S51A	0.38544	0.3
1A22	A	E56A	0.54117	0.4
1A22	A	S62A	0.19362	0.1
1A22	A	N63A	0.314	0.3
1A22	A	R64A	1.5691	1.6
1A22	A	E65A	-0.3890533333	-0.5
1A22	A	Q68A	0.59986	0.6
1A22	A	Y164A	0.6483066667	0.3
1A22	A	R167A	0.32698	0.3
1A22	A	K168A	-0.0981533333	-0.2
1A22	A	D171A	0.7962733333	0.8
1A22	A	K172A	1.9656366667	2
1A22	A	E174A	-0.925	-0.9
1A22	A	T175A	1.8735033333	2
1A22	A	F176A	0.45873	1.9
1A22	A	R178A	2.25162	2.4
1A22	A	I179A	0.82823	0.8
1A22	A	R183A	0.5549333333	0.5
1A22	A	E186A	0.0005833333	0
1A22	B	R243A	2.11283	2.12
1A22	B	E244A	1.7722233333	1.69
1A22	B	R270A	0.69	0.69
1A22	B	R271A	0.7483833333	0.54
1A22	B	T273A	0.1397566667	0.11
1A22	B	Q274A	0.06232	0
1A22	B	E275A	-0.0524466667	-0.1
1A22	B	W276A	0.89541	0.51
1A22	B	W280A	0.01257	-0.02
1A22	B	S298A	-0.055	-0.05
1A22	B	S302A	-0.0407366667	-0.2
1A22	B	I303A	1.608	1.61
1A22	B	W304A	3.92611	4.5
1A22	B	I305A	1.8083	1.94
1A22	B	E320A	-0.182	-0.19
1A22	B	K321A	0.081	0.08
1A22	B	S324A	0.2742766667	0.28
1A22	B	D326A	0.9958433333	0.99
1A22	B	E327A	0.9541666667	0.97
1A22	B	D364A	1.4175566667	1.49
1A22	B	I365A	1.90816	2.13
1A22	B	Q366A	0.1655	0.02
1A22	B	K367A	0.1031466667	-0.02
1A22	B	W369A	3.83208	4.5
1A22	B	V371A	-0.617	-0.64
1A22	B	Q416A	0.8233633333	0.89
1A22	B	R417A	0.274	0.28
1A22	B	N418A	0.2910133333	0.3
1A22	B	S419A	0.0390066667	0.03
1A22	B	E242A	0.1889533333	0.18
1A22	B	N272A	0.1888833333	0.28
1A22	B	T277A	0.17529	0.2
1A22	B	T301A	0.54211	1.76
1A22	B	T394A	0.1720933333	0.2
1A22	B	K415A	0.7703433333	0.79
1A4Y	A	W261A	0.3314033333	0.1
1A4Y	A	W263A	1.3231166667	1.2
1A4Y	A	E287A	0.0977566667	0.1
1A4Y	A	S289A	0.042	0
1A4Y	A	W318A	1.9451566667	1.5
1A4Y	A	K320A	-0.2852333333	-0.3
1A4Y	A	E344A	0.3944866667	0.2
1A4Y	A	W375A	1.2469366667	1
1A4Y	A	E401A	0.9769333333	0.9
1A4Y	A	Y434A	2.50883	3.3
1A4Y	A	D435A	2.8346833333	3.5
1A4Y	A	Y437A	1.0752266667	0.8
1A4Y	A	R457A	-0.08564	-0.2
1A4Y	A	I459A	0.679	0.7
1A4Y	B	R5A	2.0851933333	2.3
1A4Y	B	H8A	0.8705633333	0.9
1A4Y	B	Q12A	0.4012166667	0.3
1A4Y	B	H13A	-0.2384866667	-0.3
1A4Y	B	R31A	0.2662	0.2
1A4Y	B	R32A	0.65953	0.9
1A4Y	B	R33A	0.3526666667	0.3
1A4Y	B	R66A	0.2276366667	0.2
1A4Y	B	N68A	0.15626	0.2
1A4Y	B	R70A	-0.232	-0.2
1A4Y	B	H84A	0.1760766667	0.2
1A4Y	B	W89A	0.3083333333	0.2
1A4Y	B	E108A	-0.323	-0.3
1A4Y	B	H114A	0.7369566667	0.65
1AHW	C	Y156A	3.7942166667	4
1AHW	C	T167A	0.1287133333	0
1AHW	C	T170A	1.0305333333	1
1AHW	C	L176A	0.9789	1
1AHW	C	D178A	-0.4847133333	-0.5
1AHW	C	T197A	1.1687733333	1.3
1AHW	C	V198A	-0.1344733333	-0.3
1AHW	C	N199A	1.0741766667	1.1
1BRS	A	K27A	5.25588	5.4
1BRS	A	D54A	-0.889	-0.8
1BRS	A	N58A	3.0367633333	3.1
1BRS	A	R59A	5.245	5.2
1BRS	A	E60A	-0.28102	-0.2
1BRS	A	E73A	2.3030133333	2.8
1BRS	A	R87A	5.4826633333	5.5
1BRS	A	H102A	6.1437633333	6
1BRS	D	Y29A	3.3439066667	3.4
1BRS	D	D35A	4.5194166667	4.5
1BRS	D	D39A	7.5713533333	7.7
1BRS	D	T42A	1.858	1.8
1BRS	D	E76A	1.3594066667	1.3
1BRS	D	E80A	0.5383633333	0.5
1BXI	A	N24A	0.28658	0.14
1BXI	A	D26A	0.3988533333	0.34
1BXI	A	T27A	0.73992	0.73
1BXI	A	S28A	0.1047866667	0.17
1BXI	A	S29A	0.6505166667	0.96
1BXI	A	E30A	1.4095966667	1.41
1BXI	A	E31A	0.55812	0.31
1BXI	A	E32A	0.3817466667	0.22
1BXI	A	L33A	2.6215833333	3.42
1BXI	A	V34A	1.3440166667	2.58
1BXI	A	K35A	0.31961	0.19
1BXI	A	L36A	0.71721	0.91
1BXI	A	V37A	1.8546466667	1.66
1BXI	A	T38A	0.6238366667	0.9
1BXI	A	E41A	2.2477866667	2.08
1BXI	A	E42A	0.4604833333	0.66
1BXI	A	T44A	0.29696	0.3
1BXI	A	E45A	0.1797433333	0.21
1BXI	A	H46A	0.61777	0.83
1BXI	A	S48A	0.22753	0.01
1BXI	A	S50A	1.8959033333	2.19
1BXI	A	D51A	3.9216533333	5.92
1BXI	A	L52A	0.5219766667	0.6
1BXI	A	I53A	1.5544866667	0.85
1BXI	A	Y54A	3.8549566667	4.83
1BXI	A	Y55A	4.0041833333	4.63
1BXI	A	D60A	0.36197	0.51
1BXI	A	S63A	0.45822	0.87
1BXI	A	V68A	1.2817533333	1.86
1BXI	A	N69A	0.18142	0.28
1CBW	D	T11A	0.4340133333	0.2
1CBW	D	K15A	2.24133	2
1CBW	D	R17A	1.56106	0.5
1CBW	D	I19A	0.86611	0.1
1CBW	D	R20A	0.1610233333	0.3
1CBW	D	V34A	0.54217	0
1CBW	D	R39A	0.5563566667	0.2
1CBW	D	K46A	0.0917166667	0.1
1DAN	T	K15A	-0.349	-0.4
1DAN	T	T17A	0.1811733333	0.1
1DAN	T	N18A	0.23787	0.2
1DAN	T	K20A	2.439	2.6
1DAN	T	T21A	-0.1111733333	-0.2
1DAN	T	I22A	0.6413166667	0.7
1DAN	T	E24A	0.7137966667	0.7
1DAN	T	E26A	0.20946	0.1
1DAN	T	K28A	0.1407233333	0.1
1DAN	T	Q37A	0.73193	0.55
1DAN	T	K41A	0.3121433333	0.35
1DAN	T	S42A	-0.069	-0.1
1DAN	T	D44A	1.3466866667	0.7
1DAN	T	K46A	0.8883366667	0.25
1DAN	T	S47A	-0.0762366667	0.05
1DAN	T	K48A	0.8886133333	0.4
1DAN	T	F50A	0.4983733333	0.4
1DAN	T	T52A	0.3984666667	0.4
1DAN	T	D58A	1.9705	2.18
1DAN	T	K68A	-0.0655433333	-0.1
1DAN	U	Y94A	0.312	1
1DAN	U	E99A	-0.1578233333	-0.2
1DAN	U	K122A	-0.08679	-0.1
1DAN	U	E128A	0.08669	0.1
1DAN	U	D129A	0.0295933333	0
1DAN	U	L133A	-0.028	0
1DAN	U	R135A	0.9961333333	0.55
1DAN	U	T139A	-0.01541	0
1DAN	U	F140A	2.1900733333	1.5
1DAN	U	R144A	0.01823	0
1DAN	U	D145A	0.0948333333	0
1DAN	U	I152A	0.179	0.2
1DAN	U	S163A	0.0386266667	0
1DAN	U	T167A	0.212	0.2
1DAN	U	K169A	0.1182233333	0.1
1DAN	U	T172A	-0.0108233333	0
1DAN	U	L176A	0.0905866667	0.1
1DAN	U	K181A	0.0237033333	0
1DAN	U	Y185A	-0.2988733333	-0.35
1DAN	U	S195A	0.0168266667	0
1DAN	U	T203A	0.1276666667	0.1
1DAN	U	V207A	1.5757366667	-0.2
1DAN	U	E208A	0.0098866667	0
1DFJ	I	E202A	0.8818733333	1
1DFJ	I	W257A	1.8072166667	1.3
1DFJ	I	W259A	0.8108533333	2.2
1DFJ	I	E283A	0.6118533333	1.3
1DFJ	I	S285A	0.2901133333	0.8
1DFJ	I	W314A	1.0498066667	1
1DFJ	I	K316A	0.54272	1.3
1DFJ	I	E340A	0.6138066667	1.6
1DFJ	I	E397A	0.9178066667	1.3
1DFJ	I	R453A	0.4276933333	0.8
1DFJ	I	I455A	0.8368333333	0.3
1DFJ	I	Y430A	1.9244933333	5.9
1DFJ	I	D431A	1.0410733333	3.6
1DFJ	I	Y433A	2.23727	2.6
1DN2	A	N434A	0.7909466667	1.5
1DN2	A	H435A	1.9342266667	1.5
1DN2	A	Y436A	1.80497	1.5
1DN2	E	V10A	1.9593633333	2
1DN2	E	W11A	2.2072566667	2
1F47	A	D4A	0.6697733333	0.7
1F47	A	Y5A	0.8753433333	0.9
1F47	A	L6A	0.9387333333	0.9
1F47	A	D7A	1.7517066667	1.8
1F47	A	I8A	2.516	2.5
1F47	A	F11A	2.41019	2.5
1F47	A	L12A	2.295	2.3
1F47	A	K14A	-0.03935	0
1F47	A	Q15A	-0.03579	0
1FC2	C	N147A	0.5744466667	0.6
1FC2	C	I150A	5.1730033333	2.2
1FC2	C	K154A	1.4688133333	1.2
1FCC	C	T25A	0.26531	0.24
1FCC	C	E27A	4.938	4.9
1FCC	C	K28A	1.2734766667	1.3
1FCC	C	K31A	3.4940866667	3.5
1FCC	C	N35A	2.365	2.4
1FCC	C	D40A	0.2761666667	0.3
1FCC	C	E42A	0.4227533333	0.4
1FCC	C	W43A	3.773	3.8
1GC1	C	K1A	0.1145433333	0.06
1GC1	C	K2A	0.0858666667	-0.02
1GC1	C	K8A	0.0451433333	0.1
1GC1	C	D10A	0.0439233333	0
1GC1	C	T11A	0.0445666667	0
1GC1	C	T15A	0.2498733333	0.32
1GC1	C	S19A	0.0020566667	0
1GC1	C	Q20A	0.0151666667	-0.02
1GC1	C	K21A	-0.0028366667	-0.13
1GC1	C	K22A	0.1672433333	0.24
1GC1	C	S23A	0.2858733333	0.29
1GC1	C	Q25A	0.1018466667	0.03
1GC1	C	H27A	0.3032633333	0.28
1GC1	C	K29A	0.76485	0.59
1GC1	C	N30A	0.2257033333	0.17
1GC1	C	S31A	0.11154	0.1
1GC1	C	N32A	0.18179	0.18
1GC1	C	Q33A	0.1613333333	0.1
1GC1	C	K35A	0.3533033333	0.32
1GC1	C	N39A	0.4817266667	0.46
1GC1	C	Q40A	0.0697466667	-0.41
1GC1	C	S42A	0.0330166667	0
1GC1	C	L44A	1.1315933333	1.04
1GC1	C	T45A	0.41797	-0.15
1GC1	C	S49A	0.58896	0.6
1GC1	C	K50A	0.04362	0.05
1GC1	C	N52A	0.6705633333	0.7
1GC1	C	D53A	0.2556266667	0.3
1GC1	C	D56A	0.0208866667	-0.07
1GC1	C	R58A	0.2370566667	0.13
1GC1	C	R59A	1.13899	1.16
1GC1	C	S60A	-0.01585	-0.09
1GC1	C	D63A	0.0449766667	-0.32
1GC1	C	Q64A	0.3443366667	0.44
1GC1	C	N66A	0.0554133333	-0.03
1GC1	C	K72A	0.13372	-0.02
1GC1	C	N73A	0.0853766667	-0.11
1GC1	C	K75A	0.158	0.16
1GC1	C	E77A	0.55573	0.56
1GC1	C	T81A	0.0780566667	1.5
1GC1	C	E85A	1.3098533333	1.31
1GC1	C	V86A	0.0159466667	-0.07
1GC1	C	E87A	0.18682	0.22
1GC1	C	D88A	-0.0190066667	-0.07
1GC1	C	Q89A	0.18242	0.17
1GC1	C	K90A	0.1175233333	0.05
1GC1	C	E91A	0.0464266667	-0.13
1GC1	C	E92A	0.0265466667	0.02
1GC1	C	Q94A	-0.07844	-0.11
1JCK	B	T20A	1.6506433333	1.4
1JCK	B	N23A	2.0656166667	2.5
1JCK	B	Y26A	1.63793	1.7
1JCK	B	N60A	1.5912366667	1.3
1JCK	B	Y90A	2.596	2.5
1JCK	B	V91A	1.92104	2.1
1JCK	B	K103A	0.7246	0.4
1JCK	B	F176A	2.0939933333	1.9
1JCK	B	Q210A	2.06151	2.5
1JRH	L	E27A	0.5612166667	0.54
1JRH	L	D28A	0.4927433333	0.44
1JRH	L	Y30A	1.1978866667	1.1
1JRH	L	Y91A	0.581	0.58
1JRH	L	W92A	2.7915433333	2.8
1JRH	L	S93A	-0.3156833333	-0.65
1JRH	L	T94A	0.5338533333	0.38
1JRH	L	W96A	2.2317966667	1.7
1JRH	H	Y32A	1.4397933333	1.4
1JRH	H	W52A	2.6863933333	2.7
1JRH	H	W53A	2.0652633333	2.4
1JRH	H	D54A	1.6755833333	1.9
1JRH	H	D55A	1.3219066667	1.7
1JRH	H	D56A	1.6526733333	1.8
1JRH	H	Y58A	1.2605866667	1.2
1JRH	H	R95A	0.60647	0.54
1JRH	H	F98A	0.0015333333	0
1JRH	H	Y99A	0.9546666667	1.1
1JRH	H	H100BA	1.7202433333	1.7
1JRH	I	K47A	3.579	3.6
1JRH	I	N48A	-0.293	-0.3
1JRH	I	Y49A	3.2753266667	3.4
1JRH	I	V51A	1.9150133333	1.9
1JRH	I	K52A	3.0013933333	3
1JRH	I	N53A	3.894	3.9
1JRH	I	S54A	0.298	0.3
1JRH	I	E55A	-0.42677	-0.4
1JRH	I	N79A	-0.3012566667	-0.4
1JRH	I	W82A	4.529	4.5
1JRH	I	R84A	-0.1986266667	-0.3
1JRH	I	K98A	0.0067166667	0
1NMB	H	Y99A	2.1171366667	1.5
1VFB	A	H30A	0.8301366667	0.8
1VFB	A	Y32A	1.93517	1.3
1VFB	A	Y49A	1.16279	0.8
1VFB	A	Y50A	0.71026	0.4
1VFB	A	T53A	0.5918833333	-0.23
1VFB	A	W92A	2.4695833333	1.71
1VFB	A	S93A	0.5838166667	0.11
1VFB	B	T30A	-0.04819	0.09
1VFB	B	Y32A	0.5130066667	0.5
1VFB	B	W52A	0.364	1.23
1VFB	B	N56A	0.1906133333	0.2
1VFB	B	D58A	-0.17116	-0.2
1VFB	B	E98A	1.28461	1.1
1VFB	B	R99A	0.1815833333	0.47
1VFB	B	D100A	2.8740733333	3.1
1VFB	B	Y101A	2.40802	4
1VFB	C	D18A	0.34	0.3
1VFB	C	N19A	0.5386266667	0.3
1VFB	C	Y23A	0.4464166667	0.4
1VFB	C	S24A	0.85336	0.8
1VFB	C	K116A	0.714	0.7
1VFB	C	T118A	0.7551266667	0.8
1VFB	C	D119A	0.9903333333	1
1VFB	C	V120A	0.9106066667	0.9
1VFB	C	Q121A	2.79229	2.9
1VFB	C	I124A	1.2264766667	1.2
1VFB	C	R125A	1.82442	1.8
1VFB	C	L129A	0.1693933333	0.2
2PTC	I	K15A	7.43095	10
3HFM	L	N31A	4.8761	5.25
3HFM	L	N32A	4.9989733333	5.2
3HFM	L	Y50A	4.4438066667	4.6
3HFM	L	Q53A	0.8794366667	1
3HFM	L	Y96A	2.8778866667	2.8
3HFM	H	S31A	0.19453	0.2
3HFM	H	D32A	1.83476	2
3HFM	H	Y33A	4.8112033333	6
3HFM	H	Y50A	6.46632	7.5
3HFM	H	D101A	0.6220466667	3.75
3HFM	H	Y53A	2.8449833333	3.29
3HFM	H	Y58A	1.649	1.7
3HFM	Y	H15A	-0.09208	-0.5
3HFM	Y	Y20A	4.0868	5
3HFM	Y	R21A	1.2837133333	1
3HFM	Y	W63A	0.3841266667	0.3
3HFM	Y	R73A	-0.3286366667	-0.2
3HFM	Y	L75A	0.6772633333	1.25
3HFM	Y	T89A	-0.0025566667	0
3HFM	Y	N93A	0.211	0.6
3HFM	Y	K96A	6.9555766667	7
3HFM	Y	K97A	5.5253566667	6
3HFM	Y	I98A	0	-0.1
3HFM	Y	S100A	0.28701	0.25
3HFM	Y	D101A	1.2545566667	1.5
