,PDB_mut,[MUTA]ELEC_-1+1,[MUTA]ELEC_+1-1,[MUTA]ELEC_-5+5,[MUTA]ELEC_+5-5,[MUTA]MS_INTERSECT,[ORIG]ELEC_-1+1,[ORIG]ELEC_+1-1,[ORIG]ELEC_-5+5,[ORIG]ELEC_+5-5,[ORIG]MS_INTERSECT,[DIFF]ELEC_-1+1,[DIFF]ELEC_+1-1,[DIFF]ELEC_-5+5,[DIFF]ELEC_+5-5,[DIFF]MS_INTERSECT,chain,actual
0,1A22_DA171A,343.635813,1843.0849130000001,10.2019455,43.2130765,99.583148,916.235087,1335.044699,16.657995,24.40629,-0.109564,-572.5992739999999,508.040214,-6.4560495,18.8067865,99.692712,A,0.8
1,1A22_DA26A,595.175109,1372.229696,22.370766,40.975982,97.922292,916.235087,1335.044699,16.657995,24.40629,-0.109564,-321.059978,37.184997,5.712771,16.569692,98.031856,A,-0.2
2,1A22_DB326A,831.1173663333334,929.440936,36.208126,107.2484,149.23027666666667,916.235087,1335.044699,16.657995,24.40629,-0.109564,-85.11772066666667,-405.603763,19.550131,82.84211,149.33984066666667,B,0.99
3,1A22_DB364A,572.8968375,897.4439455,30.545761,88.009368,147.5302375,916.235087,1335.044699,16.657995,24.40629,-0.109564,-343.3382495,-437.6007535,13.887766,63.603078,147.63980149999998,B,1.49
4,1A22_EA174A,328.244242,1602.0986645,18.202607,47.8557895,142.455551,916.235087,1335.044699,16.657995,24.40629,-0.109564,-587.990845,267.0539655,1.5446119999999999,23.4494995,142.565115,A,-0.9
5,1A22_EA186A,746.3649275,1337.0993325,23.6750435,40.321926500000004,100.05979350000001,916.235087,1335.044699,16.657995,24.40629,-0.109564,-169.8701595,2.0546335,7.0170485,15.915636500000002,100.16935749999999,A,0.0
6,1A22_EA56A,697.6000375,1601.8833395000001,22.704020999999997,39.2926185,100.229102,916.235087,1335.044699,16.657995,24.40629,-0.109564,-218.6350495,266.8386405,6.046026,14.886328500000001,100.338666,A,0.4
7,1A22_EA65A,733.29549,1530.481659,23.6236015,40.292283999999995,99.2766515,916.235087,1335.044699,16.657995,24.40629,-0.109564,-182.939597,195.43696,6.9656065,15.885994,99.38621549999999,A,-0.5
8,1A22_EB242A,588.0817589999999,1008.211992,31.7937115,90.567768,147.527112,916.235087,1335.044699,16.657995,24.40629,-0.109564,-328.153328,-326.832707,15.135716500000001,66.16147799999999,147.63667600000002,B,0.18
9,1A22_EB244A,601.1435176666668,960.3303906666666,32.803932333333336,71.31210033333333,144.60206833333334,916.235087,1335.044699,16.657995,24.40629,-0.109564,-315.0915693333333,-374.71430833333335,16.145937333333332,46.905810333333335,144.71163233333334,B,1.69
10,1A22_EB275A,619.7672819999999,1015.8302546666667,30.954255333333332,102.13461733333334,140.42680733333333,916.235087,1335.044699,16.657995,24.40629,-0.109564,-296.467805,-319.21444433333335,14.296260333333334,77.72832733333333,140.53637133333334,B,-0.1
11,1A22_EB320A,559.3308265000001,1060.975331,31.8901225,115.9277975,149.7218625,916.235087,1335.044699,16.657995,24.40629,-0.109564,-356.9042605,-274.069368,15.2321275,91.52150750000001,149.8314265,B,-0.19
12,1A22_EB327A,653.983081,869.4668283333334,33.085658333333335,105.579471,148.03642066666666,916.235087,1335.044699,16.657995,24.40629,-0.109564,-262.252006,-465.5778706666667,16.42766333333333,81.173181,148.14598466666666,B,0.97
13,1A22_FA176A,741.371803,1328.4113875,24.615519499999998,39.389888,98.928001,916.235087,1335.044699,16.657995,24.40629,-0.109564,-174.86328400000002,-6.6333115,7.9575245,14.983598,99.037565,A,1.9
14,1A22_FA25A,729.7867666666667,1059.6149623333333,23.950008999999998,40.283715,96.94140566666665,916.235087,1335.044699,16.657995,24.40629,-0.109564,-186.44832033333333,-275.42973666666666,7.292013999999999,15.877425,97.05096966666667,A,-0.4
15,1A22_HA18A,761.775979,1311.4732625000001,20.9296145,39.636337,98.420015,916.235087,1335.044699,16.657995,24.40629,-0.109564,-154.45910800000001,-23.5714365,4.2716195,15.230046999999999,98.529579,A,-0.5
16,1A22_HA21A,669.94189,1371.353529,18.517507,39.677415,97.91536,916.235087,1335.044699,16.657995,24.40629,-0.109564,-246.293197,36.30883,1.859512,15.271125,98.024924,A,0.2
17,1A22_IA179A,754.6025375,1286.087114,23.441545,39.4945735,98.02475899999999,916.235087,1335.044699,16.657995,24.40629,-0.109564,-161.63254949999998,-48.957584999999995,6.78355,15.0882835,98.134323,A,0.8
18,1A22_IB303A,519.9403506666666,1128.405281,30.17018366666667,109.64444366666667,149.484645,916.235087,1335.044699,16.657995,24.40629,-0.109564,-396.29473633333333,-206.63941799999998,13.512188666666667,85.23815366666666,149.594209,B,1.61
19,1A22_IB305A,546.8963076666668,1108.0263706666667,31.330826666666667,116.454899,149.64207266666668,916.235087,1335.044699,16.657995,24.40629,-0.109564,-369.3387793333333,-227.01832833333333,14.672831666666667,92.048609,149.75163666666666,B,1.94
20,1A22_IB365A,539.1658150000001,1118.838971,31.941678,116.736749,149.7921015,916.235087,1335.044699,16.657995,24.40629,-0.109564,-377.069272,-216.205728,15.283683,92.33045899999999,149.9016655,B,2.13
21,1A22_KA168A,1059.5853325,1007.6721995,26.026269,32.898816499999995,92.0561665,916.235087,1335.044699,16.657995,24.40629,-0.109564,143.3502455,-327.3724995,9.368274,8.4925265,92.1657305,A,-0.2
22,1A22_KA172A,999.605364,1034.825627,25.6764815,35.102738,95.8356385,916.235087,1335.044699,16.657995,24.40629,-0.109564,83.370277,-300.219072,9.018486500000002,10.696448,95.9452025,A,2.0
23,1A22_KB321A,513.2009324999999,1436.0926745000002,31.80171,117.599289,149.39197000000001,916.235087,1335.044699,16.657995,24.40629,-0.109564,-403.0341545,101.0479755,15.143715,93.192999,149.501534,B,0.08
24,1A22_KB367A,533.199208,1260.6932434999999,31.844181499999998,119.093365,149.852046,916.235087,1335.044699,16.657995,24.40629,-0.109564,-383.035879,-74.3514555,15.1861865,94.687075,149.96161,B,-0.02
25,1A22_KB415A,398.5392785,1232.950937,31.3063975,117.9701355,149.315225,916.235087,1335.044699,16.657995,24.40629,-0.109564,-517.6958085,-102.093762,14.6484025,93.5638455,149.424789,B,0.79
26,1A22_LA45A,760.997302,1308.745142,25.289839,37.779992,98.872931,916.235087,1335.044699,16.657995,24.40629,-0.109564,-155.237785,-26.299557,8.631844,13.373702,98.982495,A,1.2
27,1A22_MA14A,737.6606300000001,1279.9036505,22.4440315,35.9537245,92.393046,916.235087,1335.044699,16.657995,24.40629,-0.109564,-178.574457,-55.1410485,5.7860365,11.5474345,92.50261,A,0.1
28,1A22_NA63A,759.3895190000001,1333.8450715,24.405043499999998,39.1632735,99.464145,916.235087,1335.044699,16.657995,24.40629,-0.109564,-156.84556800000001,-1.1996275,7.7470485,14.7569835,99.57370900000001,A,0.3
29,1A22_NB272A,541.254658,1141.2202536666666,31.054488000000003,118.64397866666667,149.25051366666665,916.235087,1335.044699,16.657995,24.40629,-0.109564,-374.980429,-193.82444533333333,14.396493,94.23768866666667,149.36007766666668,B,0.28
30,1A22_NB418A,517.240771,1132.7307445000001,20.466029499999998,118.00802200000001,135.5649765,916.235087,1335.044699,16.657995,24.40629,-0.109564,-398.994316,-202.3139545,3.8080344999999998,93.601732,135.6745405,B,0.3
31,1A22_QA22A,715.126735,1319.879917,23.12203,40.549424,96.955679,916.235087,1335.044699,16.657995,24.40629,-0.109564,-201.108352,-15.164782,6.464035,16.143134,97.065243,A,-0.2
32,1A22_QA29A,743.303997,1312.759111,23.554352,40.059045,99.46497,916.235087,1335.044699,16.657995,24.40629,-0.109564,-172.93109,-22.285588,6.896357,15.652755,99.574534,A,-0.6
33,1A22_QA46A,765.37493,1156.828563,23.687236,33.47926,72.522844,916.235087,1335.044699,16.657995,24.40629,-0.109564,-150.860157,-178.216136,7.029241,9.07297,72.632408,A,0.1
34,1A22_QA68A,772.7841555,1259.232431,23.666155,35.9702075,90.96277,916.235087,1335.044699,16.657995,24.40629,-0.109564,-143.4509315,-75.81226799999999,7.00816,11.563917499999999,91.072334,A,0.6
35,1A22_QB274A,568.7192313333334,1030.4693503333335,31.51357466666667,101.68075733333335,140.477322,916.235087,1335.044699,16.657995,24.40629,-0.109564,-347.5158556666667,-304.5753486666667,14.855579666666666,77.27446733333333,140.58688600000002,B,0.0
36,1A22_QB366A,542.1963105,1112.3836565000001,31.579291500000004,116.98317,149.98368399999998,916.235087,1335.044699,16.657995,24.40629,-0.109564,-374.03877650000004,-222.6610425,14.9212965,92.57688,150.09324800000002,B,0.02
37,1A22_QB416A,661.2407435,1170.124512,31.062709499999997,116.05326099999999,147.4187335,916.235087,1335.044699,16.657995,24.40629,-0.109564,-254.9943435,-164.920187,14.4047145,91.64697100000001,147.5282975,B,0.89
38,1A22_RA167A,975.544037,885.5956464999999,25.4824445,37.999238000000005,98.27303699999999,916.235087,1335.044699,16.657995,24.40629,-0.109564,59.308949999999996,-449.4490525,8.8244495,13.592948,98.382601,A,0.3
39,1A22_RA178A,1184.012725,1189.834628,24.829723,35.913309,89.894548,916.235087,1335.044699,16.657995,24.40629,-0.109564,267.777638,-145.210071,8.171728,11.507019,90.004112,A,2.4
40,1A22_RA183A,775.8270580000001,1261.918725,23.881234499999998,39.378035999999994,102.114926,916.235087,1335.044699,16.657995,24.40629,-0.109564,-140.408029,-73.125974,7.2232395,14.971746,102.22449,A,0.5
41,1A22_RA64A,863.7002890000001,1033.6090454999999,24.310523,25.132764,41.7486945,916.235087,1335.044699,16.657995,24.40629,-0.109564,-52.534798,-301.4356535,7.652528,0.7264740000000001,41.8582585,A,1.6
42,1A22_RB243A,374.8462543333333,1494.2218103333332,30.915030333333334,122.17487566666667,147.867857,916.235087,1335.044699,16.657995,24.40629,-0.109564,-541.3888326666666,159.17711133333333,14.257035333333334,97.76858566666665,147.977421,B,2.12
43,1A22_RB270A,529.5684295,1192.3533670000002,29.770736,119.29718,150.946097,916.235087,1335.044699,16.657995,24.40629,-0.109564,-386.66665750000004,-142.691332,13.112741,94.89089,151.055661,B,0.69
44,1A22_RB271A,477.0804505,1413.597751,26.687603,120.40715399999999,138.67810400000002,916.235087,1335.044699,16.657995,24.40629,-0.109564,-439.15463650000004,78.55305200000001,10.029608,96.000864,138.787668,B,0.54
45,1A22_RB417A,305.6619943333333,1191.9770573333333,16.20827733333333,116.42611633333333,113.17058633333333,916.235087,1335.044699,16.657995,24.40629,-0.109564,-610.5730926666666,-143.06764166666667,-0.4497176666666667,92.01982633333334,113.28015033333332,B,0.28
46,1A22_SA51A,756.818902,1293.811853,24.420739,40.920227,98.807469,916.235087,1335.044699,16.657995,24.40629,-0.109564,-159.416185,-41.232846,7.762744,16.513937,98.917033,A,0.3
47,1A22_SA62A,769.270082,1296.6699644999999,23.4643825,39.524707,100.4162875,916.235087,1335.044699,16.657995,24.40629,-0.109564,-146.96500500000002,-38.3747345,6.8063875,15.118417,100.5258515,A,0.1
48,1A22_SB298A,542.8634699999999,1125.9916766666665,30.815955666666667,118.77240066666667,149.63007733333333,916.235087,1335.044699,16.657995,24.40629,-0.109564,-373.371617,-209.05302233333336,14.157960666666668,94.36611066666667,149.73964133333334,B,-0.05
49,1A22_SB302A,539.662879,1120.8109306666665,31.165207,114.517037,149.60534866666669,916.235087,1335.044699,16.657995,24.40629,-0.109564,-376.57220800000005,-214.23376833333336,14.507212,90.110747,149.71491266666666,B,-0.2
50,1A22_SB324A,539.515725,1150.6469335000002,31.2420265,116.15651,149.15025550000001,916.235087,1335.044699,16.657995,24.40629,-0.109564,-376.719362,-184.3977655,14.5840315,91.75022,149.2598195,B,0.28
51,1A22_SB419A,527.408634,1129.401088,30.336122,119.392577,148.974737,916.235087,1335.044699,16.657995,24.40629,-0.109564,-388.826453,-205.643611,13.678127,94.986287,149.084301,B,0.03
52,1A22_TA175A,747.288857,1306.998283,18.113658,38.77995,102.029393,916.235087,1335.044699,16.657995,24.40629,-0.109564,-168.94623,-28.046416,1.455663,14.37366,102.138957,A,2.0
53,1A22_TB273A,540.798658,1140.120583,31.881089333333335,119.371697,149.98210566666665,916.235087,1335.044699,16.657995,24.40629,-0.109564,-375.43642900000003,-194.924116,15.223094333333334,94.96540699999998,150.09166966666666,B,0.11
54,1A22_TB277A,545.0920080000001,1119.8085085,32.1701835,116.66927849999999,149.851716,916.235087,1335.044699,16.657995,24.40629,-0.109564,-371.143079,-215.2361905,15.5121885,92.2629885,149.96128,B,0.2
55,1A22_TB301A,540.667905,1131.790732,31.173820499999998,117.786346,149.21771999999999,916.235087,1335.044699,16.657995,24.40629,-0.109564,-375.567182,-203.253967,14.5158255,93.380056,149.32728400000002,B,1.76
56,1A22_TB394A,543.531854,1123.5641609999998,31.21855,116.4239635,149.353073,916.235087,1335.044699,16.657995,24.40629,-0.109564,-372.703233,-211.480538,14.560555,92.0176735,149.462637,B,0.2
57,1A22_VB371A,529.598952,1120.478979,30.872181,116.4552325,149.5327765,916.235087,1335.044699,16.657995,24.40629,-0.109564,-386.636135,-214.56572,14.214186,92.04894250000001,149.6423405,B,-0.64
58,1A22_WB276A,517.836439,1146.0100046666666,28.516747,109.34107633333333,147.868055,916.235087,1335.044699,16.657995,24.40629,-0.109564,-398.39864800000004,-189.0346943333333,11.858752,84.93478633333334,147.977619,B,0.51
59,1A22_WB280A,543.0574596666667,1123.9432823333334,32.604858,116.62096533333333,149.88262833333334,916.235087,1335.044699,16.657995,24.40629,-0.109564,-373.1776273333333,-211.10141666666667,15.946863,92.21467533333333,149.99219233333335,B,-0.02
60,1A22_WB304A,525.961597,1089.3875400000002,28.979148000000002,114.5654345,134.8536545,916.235087,1335.044699,16.657995,24.40629,-0.109564,-390.27349000000004,-245.657159,12.321152999999999,90.1591445,134.96321849999998,B,4.5
61,1A22_WB369A,523.070697,1136.285943,31.192962,59.724408,107.511089,916.235087,1335.044699,16.657995,24.40629,-0.109564,-393.16439,-198.758756,14.534967,35.318118,107.620653,B,4.5
62,1A22_YA164A,757.176254,1340.317087,23.395806,40.596142,99.353785,916.235087,1335.044699,16.657995,24.40629,-0.109564,-159.058833,5.272388,6.737811,16.189852,99.463349,A,0.3
63,1A22_YA42A,759.025818,1304.750084,22.465522,30.260926,82.632122,916.235087,1335.044699,16.657995,24.40629,-0.109564,-157.209269,-30.294615,5.807527,5.854636,82.741686,A,0.2
64,1A4Y_DA435A,4550.171388,72.600908,102.448066,5.0524,112.273339,5300.542977,63.130737,37.662604,0.030681,0.911482,-750.371589,9.470171,64.785462,5.021719,111.361857,A,3.5
65,1A4Y_EA287A,5198.880418,62.792752,93.282231,3.711961,97.130974,5300.542977,63.130737,37.662604,0.030681,0.911482,-101.662559,-0.337985,55.619627,3.68128,96.219492,A,0.1
66,1A4Y_EA344A,5067.98566,68.468005,108.283782,5.441883,115.661925,5300.542977,63.130737,37.662604,0.030681,0.911482,-232.557317,5.337268,70.621178,5.411202,114.750443,A,0.2
67,1A4Y_EA401A,4870.873556,66.184207,107.617176,4.780398,109.004594,5300.542977,63.130737,37.662604,0.030681,0.911482,-429.669421,3.05347,69.954572,4.749717,108.093112,A,0.9
68,1A4Y_EB108A,5833.908894,102.068986,25.522205,0.399229,72.536919,5300.542977,63.130737,37.662604,0.030681,0.911482,533.365917,38.938249,-12.140399,0.368548,71.625437,B,-0.3
69,1A4Y_HB114A,5424.042275,114.251082,24.473418,-0.142365,74.047335,5300.542977,63.130737,37.662604,0.030681,0.911482,123.499298,51.120345,-13.189186,-0.173046,73.135853,B,0.65
70,1A4Y_HB13A,5225.2565,163.756702,22.652019,0.801731,71.690439,5300.542977,63.130737,37.662604,0.030681,0.911482,-75.286477,100.625965,-15.010585,0.77105,70.778957,B,-0.3
71,1A4Y_HB84A,5316.786666,151.104879,19.95209,0.617248,75.523531,5300.542977,63.130737,37.662604,0.030681,0.911482,16.243689,87.974142,-17.710514,0.586567,74.612049,B,0.2
72,1A4Y_HB8A,5193.199133,154.886427,23.209182,1.228339,67.71502,5300.542977,63.130737,37.662604,0.030681,0.911482,-107.343844,91.75569,-14.453422,1.197658,66.803538,B,0.9
73,1A4Y_IA459A,5354.04089,65.096896,111.907833,4.73466,110.576633,5300.542977,63.130737,37.662604,0.030681,0.911482,53.497913,1.966159,74.245229,4.703979,109.665151,A,0.7
74,1A4Y_KA320A,5694.663634,56.519662,131.106318,4.010974,103.744921,5300.542977,63.130737,37.662604,0.030681,0.911482,394.120657,-6.611075,93.443714,3.980293,102.833439,A,-0.3
75,1A4Y_NB68A,5272.456941,177.578209,23.412325,0.414448,74.320066,5300.542977,63.130737,37.662604,0.030681,0.911482,-28.086036,114.447472,-14.250279,0.383767,73.408584,B,0.2
76,1A4Y_QB12A,4945.668422,167.936549,23.555984,0.843588,67.320836,5300.542977,63.130737,37.662604,0.030681,0.911482,-354.874555,104.805812,-14.10662,0.812907,66.409354,B,0.3
77,1A4Y_RA457A,5717.413543,61.895927,113.906059,4.579504,113.789625,5300.542977,63.130737,37.662604,0.030681,0.911482,416.870566,-1.23481,76.243455,4.548823,112.878143,A,-0.2
78,1A4Y_RB31A,4562.498598,185.525057,22.888624,0.79943,72.354983,5300.542977,63.130737,37.662604,0.030681,0.911482,-738.044379,122.39432,-14.77398,0.768749,71.443501,B,0.2
79,1A4Y_RB32A,4418.227908,171.295386,23.277069,-0.487859,72.573403,5300.542977,63.130737,37.662604,0.030681,0.911482,-882.315069,108.164649,-14.385535,-0.51854,71.661921,B,0.9
80,1A4Y_RB33A,4465.715041,177.565174,21.676546,-0.116839,72.982658,5300.542977,63.130737,37.662604,0.030681,0.911482,-834.827936,114.434437,-15.986058,-0.14752,72.071176,B,0.3
81,1A4Y_RB5A,4867.006329,210.528832,9.526912,0.154042,15.736532,5300.542977,63.130737,37.662604,0.030681,0.911482,-433.536648,147.398095,-28.135692,0.123361,14.82505,B,2.3
82,1A4Y_RB66A,5211.729817,187.734049,22.37041,0.637376,73.491509,5300.542977,63.130737,37.662604,0.030681,0.911482,-88.81316,124.603312,-15.292194,0.606695,72.580027,B,0.2
83,1A4Y_RB70A,5250.909775,183.634947,23.357134,0.73615,73.698253,5300.542977,63.130737,37.662604,0.030681,0.911482,-49.633202,120.50421,-14.30547,0.705469,72.786771,B,-0.2
84,1A4Y_SA289A,5359.970659,65.950484,112.606992,5.298096,110.921064,5300.542977,63.130737,37.662604,0.030681,0.911482,59.427682,2.819747,74.944388,5.267415,110.009582,A,0.0
85,1A4Y_WA261A,5336.4178,63.362729,110.754032,4.864523,110.301853,5300.542977,63.130737,37.662604,0.030681,0.911482,35.874823,0.231992,73.091428,4.833842,109.390371,A,0.1
86,1A4Y_WA263A,5276.526502,75.077348,123.838387,10.033024,136.108243,5300.542977,63.130737,37.662604,0.030681,0.911482,-24.016475,11.946611,86.175783,10.002343,135.196761,A,1.2
87,1A4Y_WA318A,5346.982928,62.605203,81.308325,2.533477,82.406881,5300.542977,63.130737,37.662604,0.030681,0.911482,46.439951,-0.525534,43.645721,2.502796,81.495399,A,1.5
88,1A4Y_WA375A,5335.874236,60.335173,110.003742,4.873558,109.303466,5300.542977,63.130737,37.662604,0.030681,0.911482,35.331259,-2.795564,72.341138,4.842877,108.391984,A,1.0
89,1A4Y_WB89A,5231.063618,169.89713,20.839937,0.394565,73.232169,5300.542977,63.130737,37.662604,0.030681,0.911482,-69.479359,106.766393,-16.822667,0.363884,72.320687,B,0.2
90,1A4Y_YA434A,5604.667973,59.152527,92.916966,2.822509,78.217095,5300.542977,63.130737,37.662604,0.030681,0.911482,304.124996,-3.97821,55.254362,2.791828,77.305613,A,3.3
91,1A4Y_YA437A,5313.416623,42.319858,104.66662,4.921117,113.112529,5300.542977,63.130737,37.662604,0.030681,0.911482,12.873646,-20.810879,67.004016,4.890436,112.201047,A,0.8
92,1AHW_DC178A,4718.545567,13.511567,196.527039,3.68649,79.501292,4830.058336,9.493932,171.226331,1.847442,3.082696,-111.512769,4.017635,25.300708,1.839048,76.418596,C,-0.5
93,1AHW_LC176A,3873.180256,15.46066,194.582018,3.165915,79.843693,4830.058336,9.493932,171.226331,1.847442,3.082696,-956.87808,5.966728,23.355687,1.318473,76.760997,C,1.0
94,1AHW_NC199A,3779.761946,15.548888,193.506217,3.293507,80.469113,4830.058336,9.493932,171.226331,1.847442,3.082696,-1050.29639,6.054956,22.279886,1.446065,77.386417,C,1.1
95,1AHW_TC167A,3872.385191,14.478727,191.640509,3.916413,0.778911,4830.058336,9.493932,171.226331,1.847442,3.082696,-957.673145,4.984795,20.414178,2.068971,-2.303785,C,0.0
96,1AHW_TC170A,3819.876644,14.315693,194.263717,3.775867,79.385045,4830.058336,9.493932,171.226331,1.847442,3.082696,-1010.181692,4.821761,23.037386,1.928425,76.302349,C,1.0
97,1AHW_TC197A,3813.991501,14.923865,194.52674,3.741032,79.558029,4830.058336,9.493932,171.226331,1.847442,3.082696,-1016.066835,5.429933,23.300409,1.89359,76.475333,C,1.3
98,1AHW_VC198A,3850.253684,14.965607,194.940818,3.732835,79.868382,4830.058336,9.493932,171.226331,1.847442,3.082696,-979.804652,5.471675,23.714487,1.885393,76.785686,C,-0.3
99,1AHW_YC156A,3904.225761,15.184877,191.85171,4.000392,74.4935,4830.058336,9.493932,171.226331,1.847442,3.082696,-925.832575,5.690945,20.625379,2.15295,71.410804,C,4.0
100,1BRS_DA54A,74.0644805,3264.7169670000003,8.0113625,49.3267145,66.53493850000001,51.057073,2947.159931,8.281796,67.985331,0.313179,23.0074075,317.55703600000004,-0.2704335,-18.6586165,66.22175949999999,A,-0.8
101,1BRS_DD35A,48.1091955,2243.6815319999996,6.339165,24.188237,18.2753455,51.057073,2947.159931,8.281796,67.985331,0.313179,-2.9478774999999997,-703.4783990000001,-1.942631,-43.797094,17.9621665,D,4.5
102,1BRS_DD39A,58.3529935,2143.0723120000002,7.2338085,55.548691,10.244233000000001,51.057073,2947.159931,8.281796,67.985331,0.313179,7.2959205,-804.087619,-1.0479875,-12.43664,9.931054,D,7.7
103,1BRS_EA60A,40.239782,2694.7428595,4.506178,37.272048999999996,94.4605335,51.057073,2947.159931,8.281796,67.985331,0.313179,-10.817291,-252.41707150000002,-3.7756179999999997,-30.713282,94.1473545,A,-0.2
104,1BRS_EA73A,61.80014966666667,3438.586109,8.133466333333333,57.956072,94.56773833333334,51.057073,2947.159931,8.281796,67.985331,0.313179,10.743076666666667,491.426178,-0.14832966666666667,-10.029259000000001,94.25455933333335,A,2.8
105,1BRS_ED76A,41.9781805,2506.5947035,6.455812,54.419979,17.8008795,51.057073,2947.159931,8.281796,67.985331,0.313179,-9.0788925,-440.5652275,-1.825984,-13.565352,17.487700500000003,D,1.3
106,1BRS_ED80A,41.711434999999994,2295.6646695,6.2242185,59.603873,18.1246855,51.057073,2947.159931,8.281796,67.985331,0.313179,-9.345638000000001,-651.4952615,-2.0575775,-8.381458,17.8115065,D,0.5
107,1BRS_HA102A,47.812419,2764.7740062499997,4.8591672500000005,36.8203925,86.986539,51.057073,2947.159931,8.281796,67.985331,0.313179,-3.244654,-182.38592475000002,-3.42262875,-31.1649385,86.67336,A,6.0
108,1BRS_KA27A,158.43826366666667,1423.9353859999999,8.194408000000001,16.225936,59.011055666666664,51.057073,2947.159931,8.281796,67.985331,0.313179,107.38119066666667,-1523.224545,-0.08738799999999998,-51.759395000000005,58.697876666666666,A,5.4
109,1BRS_NA58A,84.860296,2492.103945,7.868914,43.785674,94.7464155,51.057073,2947.159931,8.281796,67.985331,0.313179,33.803223,-455.05598599999996,-0.41288199999999997,-24.199657000000002,94.43323649999999,A,3.1
110,1BRS_RA59A,214.90430974999998,1531.970228,8.525010250000001,19.5324195,49.48997425,51.057073,2947.159931,8.281796,67.985331,0.313179,163.84723674999998,-1415.189703,0.24321425,-48.4529115,49.17679525,A,5.2
111,1BRS_RA87A,271.56309350000004,1663.3129840000001,9.127994000000001,24.886707,94.4727895,51.057073,2947.159931,8.281796,67.985331,0.313179,220.5060205,-1283.846947,0.846198,-43.098624,94.1596105,A,5.5
112,1BRS_TD42A,42.40375,2839.892981,6.373329,64.273126,17.805266,51.057073,2947.159931,8.281796,67.985331,0.313179,-8.653323,-107.26695,-1.908467,-3.712205,17.492087,D,1.8
113,1BRS_YD29A,40.858546,2766.683393,6.162299,65.419542,18.422402,51.057073,2947.159931,8.281796,67.985331,0.313179,-10.198527,-180.476538,-2.119497,-2.565789,18.109223,D,3.4
114,1F47_DA4A,140.039466,236.607808,5.13981,8.83669,44.451656,288.295707,178.854807,5.950824,1.998267,0.840701,-148.256241,57.753001,-0.811014,6.838423,43.610955,A,0.7
115,1F47_DA7A,239.071885,239.35527,10.942742,9.719063,44.310167,288.295707,178.854807,5.950824,1.998267,0.840701,-49.223822,60.500463,4.991918,7.720796,43.469466,A,1.8
116,1F47_FA11A,353.131641,191.7433,12.931156,8.388973,39.634926,288.295707,178.854807,5.950824,1.998267,0.840701,64.835934,12.888493,6.980332,6.390706,38.794225,A,2.5
117,1F47_IA8A,351.903765,211.473657,13.048103,8.756475,43.926824,288.295707,178.854807,5.950824,1.998267,0.840701,63.608058,32.61885,7.097279,6.758208,43.086123,A,2.5
118,1F47_KA14A,471.102277,199.750528,13.702326,9.053867,43.762666,288.295707,178.854807,5.950824,1.998267,0.840701,182.80657,20.895721,7.751502,7.0556,42.921965,A,0.0
119,1F47_LA12A,353.961283,186.721022,12.587916,9.295805,44.621807,288.295707,178.854807,5.950824,1.998267,0.840701,65.665576,7.866215,6.637092,7.297538,43.781106,A,2.3
120,1F47_LA6A,344.644807,201.544896,9.560772,7.201079,36.017466,288.295707,178.854807,5.950824,1.998267,0.840701,56.3491,22.690089,3.609948,5.202812,35.176765,A,0.9
121,1F47_QA15A,344.480231,180.949774,13.076352,5.883401,10.753157,288.295707,178.854807,5.950824,1.998267,0.840701,56.184524,2.094967,7.125528,3.885134,9.912456,A,0.0
122,1F47_YA5A,299.139391,213.673829,12.247785,7.121767,44.659312,288.295707,178.854807,5.950824,1.998267,0.840701,10.843684,34.819022,6.296961,5.1235,43.818611,A,0.9
123,1FCC_DC40A,1101.391675,145.405556,80.26391,18.062079,153.289469,719.159745,181.680467,50.626432,8.587622,1.826474,382.23193,-36.274911,29.637478,9.474457,151.462995,C,0.3
124,1FCC_EC27A,1363.829002,83.46068,84.483359,9.793861,148.354683,719.159745,181.680467,50.626432,8.587622,1.826474,644.669257,-98.219787,33.856927,1.206239,146.528209,C,4.9
125,1FCC_EC42A,937.229464,158.889381,79.229565,19.724513,153.222226,719.159745,181.680467,50.626432,8.587622,1.826474,218.069719,-22.791086,28.603133,11.136891,151.395752,C,0.4
126,1FCC_KC28A,473.297447,254.17834,38.823024,20.267317,129.612086,719.159745,181.680467,50.626432,8.587622,1.826474,-245.862298,72.497873,-11.803408,11.679695,127.785612,C,1.3
127,1FCC_KC31A,535.617262,349.930313,48.74464,20.562609,112.438974,719.159745,181.680467,50.626432,8.587622,1.826474,-183.542483,168.249846,-1.881792,11.974987,110.6125,C,3.5
128,1FCC_NC35A,829.875738,201.029736,75.711578,17.729724,138.644913,719.159745,181.680467,50.626432,8.587622,1.826474,110.715993,19.349269,25.085146,9.142102,136.818439,C,2.4
129,1FCC_TC25A,831.004448,212.57102,77.645426,20.131574,153.737841,719.159745,181.680467,50.626432,8.587622,1.826474,111.844703,30.890553,27.018994,11.543952,151.911367,C,0.24
130,1FCC_WC43A,813.253933,192.424102,69.13969,5.198555,76.141279,719.159745,181.680467,50.626432,8.587622,1.826474,94.094188,10.743635,18.513258,-3.389067,74.314805,C,3.8
131,1GC1_DC10A,1088.364395,138.462049,27.923051,6.083962,59.974417,1303.888265,143.178399,42.93488,0.447533,0.467708,-215.52387,-4.71635,-15.011829,5.636429,59.506709,C,0.0
132,1GC1_DC53A,1134.309698,134.023774,28.099128,6.559197,61.305157,1303.888265,143.178399,42.93488,0.447533,0.467708,-169.578567,-9.154625,-14.835752,6.111664,60.837449,C,0.3
133,1GC1_DC56A,1151.579941,130.255919,29.071449,5.713034,59.845832,1303.888265,143.178399,42.93488,0.447533,0.467708,-152.308324,-12.92248,-13.863431,5.265501,59.378124,C,-0.07
134,1GC1_DC63A,1216.136488,116.256999,30.57658,5.83659,60.158095,1303.888265,143.178399,42.93488,0.447533,0.467708,-87.751777,-26.9214,-12.3583,5.389057,59.690387,C,-0.32
135,1GC1_DC88A,1102.004171,80.453316,24.461429,5.188034,62.125788,1303.888265,143.178399,42.93488,0.447533,0.467708,-201.884094,-62.725083,-18.473451,4.740501,61.65808,C,-0.07
136,1GC1_EC77A,1090.588826,136.874394,26.193292,5.105031,61.918411,1303.888265,143.178399,42.93488,0.447533,0.467708,-213.299439,-6.304005,-16.741588,4.657498,61.450703,C,0.56
137,1GC1_EC85A,1297.062995,59.211486,27.034222,6.263572,0.046191,1303.888265,143.178399,42.93488,0.447533,0.467708,-6.82527,-83.966913,-15.900658,5.816039,-0.421517,C,1.31
138,1GC1_EC87A,1119.83052,82.569629,26.974123,5.772611,59.234223,1303.888265,143.178399,42.93488,0.447533,0.467708,-184.057745,-60.60877,-15.960757,5.325078,58.766515,C,0.22
139,1GC1_EC91A,1099.425075,121.045038,26.007605,6.315382,0.081759,1303.888265,143.178399,42.93488,0.447533,0.467708,-204.46319,-22.133361,-16.927275,5.867849,-0.385949,C,-0.13
140,1GC1_EC92A,1086.797304,124.093121,26.376372,5.441679,60.310452,1303.888265,143.178399,42.93488,0.447533,0.467708,-217.090961,-19.085278,-16.558508,4.994146,59.842744,C,0.02
141,1GC1_HC27A,1202.813836,98.718401,27.930282,5.654661,60.15922,1303.888265,143.178399,42.93488,0.447533,0.467708,-101.074429,-44.459998,-15.004598,5.207128,59.691512,C,0.28
142,1GC1_KC1A,1074.938695,147.904058,27.481449,6.309662,0.278777,1303.888265,143.178399,42.93488,0.447533,0.467708,-228.94957,4.725659,-15.453431,5.862129,-0.188931,C,0.06
143,1GC1_KC21A,1077.598517,238.826742,26.80346,4.689446,59.80541,1303.888265,143.178399,42.93488,0.447533,0.467708,-226.289748,95.648343,-16.13142,4.241913,59.337702,C,-0.13
144,1GC1_KC22A,1054.682908,156.374921,23.682952,5.766639,60.115064,1303.888265,143.178399,42.93488,0.447533,0.467708,-249.205357,13.196522,-19.251928,5.319106,59.647356,C,0.24
145,1GC1_KC29A,1020.218831,238.161159,26.517407,5.901794,61.11406,1303.888265,143.178399,42.93488,0.447533,0.467708,-283.669434,94.98276,-16.417473,5.454261,60.646352,C,0.59
146,1GC1_KC2A,1080.622581,140.31461,25.661294,5.282932,59.824597,1303.888265,143.178399,42.93488,0.447533,0.467708,-223.265684,-2.863789,-17.273586,4.835399,59.356889,C,-0.02
147,1GC1_KC35A,780.492725,202.69077,31.108489,5.95703,75.954354,1303.888265,143.178399,42.93488,0.447533,0.467708,-523.39554,59.512371,-11.826391,5.509497,75.486646,C,0.32
148,1GC1_KC50A,1061.270906,145.478539,26.612162,5.038904,59.706959,1303.888265,143.178399,42.93488,0.447533,0.467708,-242.617359,2.30014,-16.322718,4.591371,59.239251,C,0.05
149,1GC1_KC72A,1047.011675,144.15215,25.204381,6.522817,59.700868,1303.888265,143.178399,42.93488,0.447533,0.467708,-256.87659,0.973751,-17.730499,6.075284,59.23316,C,-0.02
150,1GC1_KC75A,1068.716888,141.361952,27.076705,7.085026,60.215229,1303.888265,143.178399,42.93488,0.447533,0.467708,-235.171377,-1.816447,-15.858175,6.637493,59.747521,C,0.16
151,1GC1_KC8A,1077.086744,141.636492,26.027776,6.312709,59.787389,1303.888265,143.178399,42.93488,0.447533,0.467708,-226.801521,-1.541907,-16.907104,5.865176,59.319681,C,0.1
152,1GC1_KC90A,1057.987818,232.141325,26.400903,5.912391,0.534932,1303.888265,143.178399,42.93488,0.447533,0.467708,-245.900447,88.962926,-16.533977,5.464858,0.067224,C,0.05
153,1GC1_LC44A,1085.284773,138.64906,27.110748,5.632825,59.690822,1303.888265,143.178399,42.93488,0.447533,0.467708,-218.603492,-4.529339,-15.824132,5.185292,59.223114,C,1.04
154,1GC1_NC30A,1084.357804,133.866523,26.96973,6.113847,59.974715,1303.888265,143.178399,42.93488,0.447533,0.467708,-219.530461,-9.311876,-15.96515,5.666314,59.507007,C,0.17
155,1GC1_NC32A,1080.056464,138.432354,27.661273,5.385958,59.173796,1303.888265,143.178399,42.93488,0.447533,0.467708,-223.831801,-4.746045,-15.273607,4.938425,58.706088,C,0.18
156,1GC1_NC39A,1081.505668,130.647603,25.469346,5.723854,60.142814,1303.888265,143.178399,42.93488,0.447533,0.467708,-222.382597,-12.530796,-17.465534,5.276321,59.675106,C,0.46
157,1GC1_NC52A,1107.218847,133.357665,27.900948,5.07399,59.420131,1303.888265,143.178399,42.93488,0.447533,0.467708,-196.669418,-9.820734,-15.033932,4.626457,58.952423,C,0.7
158,1GC1_NC66A,1093.458199,134.85544,27.075028,5.476207,59.263502,1303.888265,143.178399,42.93488,0.447533,0.467708,-210.430066,-8.322959,-15.859852,5.028674,58.795794,C,-0.03
159,1GC1_NC73A,1075.935246,138.239125,25.766094,5.806414,59.811934,1303.888265,143.178399,42.93488,0.447533,0.467708,-227.953019,-4.939274,-17.168786,5.358881,59.344226,C,-0.11
160,1GC1_QC20A,1080.864631,136.816162,27.116684,4.933253,59.30817,1303.888265,143.178399,42.93488,0.447533,0.467708,-223.023634,-6.362237,-15.818196,4.48572,58.840462,C,-0.02
161,1GC1_QC25A,1047.18885,156.922615,27.394712,6.143998,59.379951,1303.888265,143.178399,42.93488,0.447533,0.467708,-256.699415,13.744216,-15.540168,5.696465,58.912243,C,0.03
162,1GC1_QC33A,1302.507041,70.521515,36.794938,5.625318,75.687101,1303.888265,143.178399,42.93488,0.447533,0.467708,-1.381224,-72.656884,-6.139942,5.177785,75.219393,C,0.1
163,1GC1_QC40A,992.579658,139.989541,26.813598,5.176516,60.720868,1303.888265,143.178399,42.93488,0.447533,0.467708,-311.308607,-3.188858,-16.121282,4.728983,60.25316,C,-0.41
164,1GC1_QC64A,1079.939898,145.358197,25.993111,4.90048,60.253211,1303.888265,143.178399,42.93488,0.447533,0.467708,-223.948367,2.179798,-16.941769,4.452947,59.785503,C,0.44
165,1GC1_QC89A,1082.979611,136.945495,27.495113,5.587244,59.605613,1303.888265,143.178399,42.93488,0.447533,0.467708,-220.908654,-6.232904,-15.439767,5.139711,59.137905,C,0.17
166,1GC1_QC94A,1077.99637,140.511774,26.187402,5.615996,59.586556,1303.888265,143.178399,42.93488,0.447533,0.467708,-225.891895,-2.666625,-16.747478,5.168463,59.118848,C,-0.11
167,1GC1_RC58A,1037.37615,154.041793,26.866286,5.522884,59.755128,1303.888265,143.178399,42.93488,0.447533,0.467708,-266.512115,10.863394,-16.068594,5.075351,59.28742,C,0.13
168,1GC1_RC59A,809.193368,157.389671,16.465533,3.609079,-0.007451,1303.888265,143.178399,42.93488,0.447533,0.467708,-494.694897,14.211272,-26.469347,3.161546,-0.475159,C,1.16
169,1GC1_SC19A,1081.352682,137.941003,27.483335,5.865213,59.763608,1303.888265,143.178399,42.93488,0.447533,0.467708,-222.535583,-5.237396,-15.451545,5.41768,59.2959,C,0.0
170,1GC1_SC23A,1082.529329,136.664165,27.007225,4.877476,59.754304,1303.888265,143.178399,42.93488,0.447533,0.467708,-221.358936,-6.514234,-15.927655,4.429943,59.286596,C,0.29
171,1GC1_SC31A,1079.012353,135.564485,25.858366,5.407376,60.805437,1303.888265,143.178399,42.93488,0.447533,0.467708,-224.875912,-7.613914,-17.076514,4.959843,60.337729,C,0.1
172,1GC1_SC42A,1120.752166,137.385758,23.793251,6.762997,57.682011,1303.888265,143.178399,42.93488,0.447533,0.467708,-183.136099,-5.792641,-19.141629,6.315464,57.214303,C,0.0
173,1GC1_SC49A,1071.184042,140.357425,25.71104,6.45966,60.36971,1303.888265,143.178399,42.93488,0.447533,0.467708,-232.704223,-2.820974,-17.22384,6.012127,59.902002,C,0.6
174,1GC1_SC60A,1093.02026,141.237512,26.280691,5.838849,0.113939,1303.888265,143.178399,42.93488,0.447533,0.467708,-210.868005,-1.940887,-16.654189,5.391316,-0.353769,C,-0.09
175,1GC1_TC11A,1078.462681,142.55686,25.688965,5.21228,59.710814,1303.888265,143.178399,42.93488,0.447533,0.467708,-225.425584,-0.621539,-17.245915,4.764747,59.243106,C,0.0
176,1GC1_TC15A,1080.332703,139.358998,26.794104,6.036344,59.687859,1303.888265,143.178399,42.93488,0.447533,0.467708,-223.555562,-3.819401,-16.140776,5.588811,59.220151,C,0.32
177,1GC1_TC45A,1100.505136,143.441035,27.586467,6.041738,58.981687,1303.888265,143.178399,42.93488,0.447533,0.467708,-203.383129,0.262636,-15.348413,5.594205,58.513979,C,-0.15
178,1GC1_TC81A,1079.39564,139.815289,26.290305,6.047482,-0.196888,1303.888265,143.178399,42.93488,0.447533,0.467708,-224.492625,-3.36311,-16.644575,5.599949,-0.664596,C,1.5
179,1GC1_VC86A,1081.350758,135.885905,25.386896,5.610844,58.931828,1303.888265,143.178399,42.93488,0.447533,0.467708,-222.537507,-7.292494,-17.547984,5.163311,58.46412,C,-0.07
180,1JCK_FB176A,58.497099,253.665593,2.0761615,5.1818480000000005,6.177134499999999,76.855901,147.387328,2.285249,1.774382,0.639599,-18.358801999999997,106.278265,-0.20908749999999998,3.407466,5.537535500000001,B,1.9
181,1JCK_KB103A,36.9239625,832.88166,1.6490075000000002,6.2462985,6.632194,76.855901,147.387328,2.285249,1.774382,0.639599,-39.9319385,685.494332,-0.6362415,4.471916500000001,5.992595,B,0.4
182,1JCK_NB23A,45.955062,339.258387,2.160136,2.74265,4.715225500000001,76.855901,147.387328,2.285249,1.774382,0.639599,-30.900838999999998,191.871059,-0.125113,0.9682679999999999,4.0756265,B,2.5
183,1JCK_NB60A,46.802001000000004,380.1444935,1.7396825,5.774195499999999,6.4923215,76.855901,147.387328,2.285249,1.774382,0.639599,-30.0539,232.75716549999999,-0.5455665000000001,3.9998135,5.8527225000000005,B,1.3
184,1JCK_QB210A,46.8106175,376.727669,0.742154,5.5145040000000005,1.8497045,76.855901,147.387328,2.285249,1.774382,0.639599,-30.0452835,229.340341,-1.543095,3.740122,1.2101055,B,2.5
185,1JCK_TB20A,40.3616975,367.4711115,1.02387,4.7444375,6.078272500000001,76.855901,147.387328,2.285249,1.774382,0.639599,-36.4942035,220.08378349999998,-1.261379,2.9700555,5.4386735,B,1.4
186,1JCK_VB91A,48.489337000000006,381.10071600000003,1.2991670000000002,5.88675,5.569793499999999,76.855901,147.387328,2.285249,1.774382,0.639599,-28.366564,233.713388,-0.986082,4.112368,4.930194500000001,B,2.1
187,1JCK_YB26A,45.588136000000006,486.6089965,1.3273455,5.7820555,6.5979475,76.855901,147.387328,2.285249,1.774382,0.639599,-31.267764999999997,339.22166849999996,-0.9579035,4.0076735,5.9583485,B,1.7
188,1JCK_YB90A,42.741558,453.05888500000003,1.6785165,5.704192,6.273332,76.855901,147.387328,2.285249,1.774382,0.639599,-34.114343000000005,305.671557,-0.6067325,3.92981,5.633732999999999,B,2.5
189,1JRH_DH54A,635.955571,681.170302,32.683793,11.795581,40.669618,1061.249677,239.35276,37.047702,13.905357,0.800725,-425.294106,441.817542,-4.363909,-2.109776,39.868893,H,1.9
190,1JRH_DH55A,719.118078,577.006721,41.956333,10.759913,41.877821,1061.249677,239.35276,37.047702,13.905357,0.800725,-342.131599,337.653961,4.908631,-3.145444,41.077096,H,1.7
191,1JRH_DH56A,657.556241,660.842725,29.465871,11.41143,37.277504,1061.249677,239.35276,37.047702,13.905357,0.800725,-403.693436,421.489965,-7.581831,-2.493927,36.476779,H,1.8
192,1JRH_DL28A,831.79289,430.639877,45.191422,16.673876,12.762766,1061.249677,239.35276,37.047702,13.905357,0.800725,-229.456787,191.287117,8.14372,2.768519,11.962041,L,0.44
193,1JRH_EI55A,1021.8061835,106.9388075,42.0407725,13.1755145,111.3023915,1061.249677,239.35276,37.047702,13.905357,0.800725,-39.4434935,-132.4139525,4.9930705,-0.7298425,110.5016665,I,-0.4
194,1JRH_EL27A,699.940547,503.836864,44.654418,16.343823,12.593556,1061.249677,239.35276,37.047702,13.905357,0.800725,-361.30913,264.484104,7.606716,2.438466,11.792831,L,0.54
195,1JRH_FH98A,729.332226,542.361526,38.53888,10.109702,-0.159765,1061.249677,239.35276,37.047702,13.905357,0.800725,-331.917451,303.008766,1.491178,-3.795655,-0.96049,H,0.0
196,1JRH_KI47A,537.0669685,380.775258,36.090475999999995,14.596250000000001,90.631034,1061.249677,239.35276,37.047702,13.905357,0.800725,-524.1827085,141.422498,-0.9572259999999999,0.690893,89.830309,I,3.6
197,1JRH_KI52A,641.043797,296.37447099999997,12.4709225,13.786201,69.2484485,1061.249677,239.35276,37.047702,13.905357,0.800725,-420.20588,57.021710999999996,-24.5767795,-0.11915600000000001,68.4477235,I,3.0
198,1JRH_KI98A,563.819833,272.2970835,36.954088999999996,13.275127000000001,99.7128605,1061.249677,239.35276,37.047702,13.905357,0.800725,-497.429844,32.944323499999996,-0.09361299999999999,-0.63023,98.9121355,I,0.0
199,1JRH_NI48A,916.9006234999999,226.321046,41.5805705,13.29119,110.46859549999999,1061.249677,239.35276,37.047702,13.905357,0.800725,-144.3490535,-13.031714000000001,4.5328685,-0.614167,109.66787049999999,I,-0.3
200,1JRH_NI53A,867.7153475,242.820346,38.3422485,13.497982499999999,71.7040575,1061.249677,239.35276,37.047702,13.905357,0.800725,-193.5343295,3.467586,1.2945465,-0.4073745,70.9033325,I,3.9
201,1JRH_NI79A,882.825237,221.83180900000002,42.5848015,12.653314,111.9312445,1061.249677,239.35276,37.047702,13.905357,0.800725,-178.42444,-17.520951,5.5370995,-1.252043,111.1305195,I,-0.4
202,1JRH_RH95A,981.557826,249.124419,27.756118,8.823625,4.686523,1061.249677,239.35276,37.047702,13.905357,0.800725,-79.691851,9.771659,-9.291584,-5.081732,3.885798,H,0.54
203,1JRH_RI84A,535.453661,321.3661455,38.4039875,13.692875,108.210321,1061.249677,239.35276,37.047702,13.905357,0.800725,-525.796016,82.0133855,1.3562854999999998,-0.212482,107.409596,I,-0.3
204,1JRH_SI54A,895.4674494999999,225.668344,41.7386335,13.081871,111.0197695,1061.249677,239.35276,37.047702,13.905357,0.800725,-165.7822275,-13.684415999999999,4.6909315,-0.8234859999999999,110.2190445,I,0.3
205,1JRH_SL93A,1010.304995,393.344881,47.340423,15.539096,12.731024,1061.249677,239.35276,37.047702,13.905357,0.800725,-50.944682,153.992121,10.292721,1.633739,11.930299,L,-0.65
206,1JRH_TL94A,1011.57358,346.144187,48.189817,16.123824,13.078025,1061.249677,239.35276,37.047702,13.905357,0.800725,-49.676097,106.791427,11.142115,2.218467,12.2773,L,0.38
207,1JRH_VI51A,763.9696745,261.4757745,40.66008050000001,11.6280735,109.303864,1061.249677,239.35276,37.047702,13.905357,0.800725,-297.2800025,22.1230145,3.6123785,-2.2772835000000002,108.503139,I,1.9
208,1JRH_WH52A,718.989402,546.537198,22.134572,9.193935,0.211465,1061.249677,239.35276,37.047702,13.905357,0.800725,-342.260275,307.184438,-14.91313,-4.711422,-0.58926,H,2.7
209,1JRH_WH53A,733.32706,512.464377,39.07319,10.246652,41.330122,1061.249677,239.35276,37.047702,13.905357,0.800725,-327.922617,273.111617,2.025488,-3.658705,40.529397,H,2.4
210,1JRH_WI82A,883.2837975,213.26617499999998,40.743254,9.2709755,108.36364549999999,1061.249677,239.35276,37.047702,13.905357,0.800725,-177.9658795,-26.086585,3.695552,-4.6343815,107.56292049999999,I,4.5
211,1JRH_WL92A,824.049192,383.941954,31.979196,25.820106,67.899081,1061.249677,239.35276,37.047702,13.905357,0.800725,-237.200485,144.589194,-5.068506,11.914749,67.098356,L,2.8
212,1JRH_WL96A,1019.415554,399.373499,50.235552,15.431915,12.211452,1061.249677,239.35276,37.047702,13.905357,0.800725,-41.834123,160.020739,13.18785,1.526558,11.410727,L,1.7
213,1JRH_YH32A,729.212382,527.631464,40.84414,10.204023,41.089893,1061.249677,239.35276,37.047702,13.905357,0.800725,-332.037295,288.278704,3.796438,-3.701334,40.289168,H,1.4
214,1JRH_YH58A,720.320511,553.869234,41.153761,10.245435,41.298413,1061.249677,239.35276,37.047702,13.905357,0.800725,-340.929166,314.516474,4.106059,-3.659922,40.497688,H,1.2
215,1JRH_YH99A,727.082641,510.854925,39.722012,9.218077,42.332272,1061.249677,239.35276,37.047702,13.905357,0.800725,-334.167036,271.502165,2.67431,-4.68728,41.531547,H,1.1
216,1JRH_YI49A,878.983902,203.25678449999998,39.658398000000005,8.3152355,107.6644195,1061.249677,239.35276,37.047702,13.905357,0.800725,-182.26577500000002,-36.095975499999994,2.610696,-5.5901215,106.8636945,I,3.4
217,1JRH_YL30A,974.687137,367.74542,48.081356,15.61413,12.941667,1061.249677,239.35276,37.047702,13.905357,0.800725,-86.56254,128.39266,11.033654,1.708773,12.140942,L,1.1
218,1JRH_YL91A,1029.759702,388.603202,49.813165,13.749254,13.402096,1061.249677,239.35276,37.047702,13.905357,0.800725,-31.489975,149.250442,12.765463,-0.156103,12.601371,L,0.58
219,1VFB_DB100A,397.9577,55.62089,11.607585499999999,4.710908,14.40987,748.004138,69.275515,6.130776,4.099856,0.050822,-350.04643799999997,-13.654625,5.4768095,0.6110519999999999,14.359048000000001,B,3.1
220,1VFB_DB58A,762.048233,39.680083,15.076037,4.710733,15.727064,748.004138,69.275515,6.130776,4.099856,0.050822,14.044095,-29.595432,8.945261,0.610877,15.676242,B,-0.2
221,1VFB_DC119A,1236.804873,57.376749,10.271341,1.377973,60.841399,748.004138,69.275515,6.130776,4.099856,0.050822,488.800735,-11.898766,4.140565,-2.721883,60.790577,C,1.0
222,1VFB_DC18A,1090.396803,58.036437,8.933021,3.273606,61.753622,748.004138,69.275515,6.130776,4.099856,0.050822,342.392665,-11.239078,2.802245,-0.82625,61.7028,C,0.3
223,1VFB_EB98A,603.078762,63.586638,13.653168,5.176431,15.636252,748.004138,69.275515,6.130776,4.099856,0.050822,-144.925376,-5.688877,7.522392,1.076575,15.58543,B,1.1
224,1VFB_HA30A,603.690512,96.433608,6.60421,4.603193,6.499335,748.004138,69.275515,6.130776,4.099856,0.050822,-144.313626,27.158093,0.473434,0.503337,6.448513,A,0.8
225,1VFB_IC124A,702.90255,65.963851,6.080677,3.334268,62.128468,748.004138,69.275515,6.130776,4.099856,0.050822,-45.101588,-3.311664,-0.050099,-0.765588,62.077646,C,1.2
226,1VFB_KC116A,576.92267,89.327819,5.325599,3.496516,61.645856,748.004138,69.275515,6.130776,4.099856,0.050822,-171.081468,20.052304,-0.805177,-0.60334,61.595034,C,0.7
227,1VFB_LC129A,718.419558,64.511355,5.515905,2.988218,62.388889,748.004138,69.275515,6.130776,4.099856,0.050822,-29.58458,-4.76416,-0.614871,-1.111638,62.338067,C,0.2
228,1VFB_NB56A,891.774251,28.340491,15.809217,4.36203,15.510286,748.004138,69.275515,6.130776,4.099856,0.050822,143.770113,-40.935024,9.678441,0.262174,15.459464,B,0.2
229,1VFB_NC19A,740.852599,62.51887,5.718535,1.795521,42.525472,748.004138,69.275515,6.130776,4.099856,0.050822,-7.151539,-6.756645,-0.412241,-2.304335,42.47465,C,0.3
230,1VFB_QC121A,710.933622,58.919535,5.406653,3.221734,30.680159,748.004138,69.275515,6.130776,4.099856,0.050822,-37.070516,-10.35598,-0.724123,-0.878122,30.629337,C,2.9
231,1VFB_RB99A,1119.635505,17.173112,17.153657,3.839219,11.48247,748.004138,69.275515,6.130776,4.099856,0.050822,371.631367,-52.102403,11.022881,-0.260637,11.431648,B,0.47
232,1VFB_RC125A,394.192603,63.774,10.677477,2.793033,38.405663,748.004138,69.275515,6.130776,4.099856,0.050822,-353.811535,-5.501515,4.546701,-1.306823,38.354841,C,1.8
233,1VFB_SA93A,601.165999,96.194352,7.142843,4.963579,5.887522,748.004138,69.275515,6.130776,4.099856,0.050822,-146.838139,26.918837,1.012067,0.863723,5.8367,A,0.11
234,1VFB_SC24A,673.868685,63.705433,7.5162,3.430995,61.797805,748.004138,69.275515,6.130776,4.099856,0.050822,-74.135453,-5.570082,1.385424,-0.668861,61.746983,C,0.8
235,1VFB_TB30A,863.824015,30.310562,15.883302,5.31244,15.79864,748.004138,69.275515,6.130776,4.099856,0.050822,115.819877,-38.964953,9.752526,1.212584,15.747818,B,0.09
236,1VFB_TC118A,679.925532,64.719468,5.863126,3.559,62.736739,748.004138,69.275515,6.130776,4.099856,0.050822,-68.078606,-4.556047,-0.26765,-0.540856,62.685917,C,0.8
237,1VFB_VC120A,688.348453,64.704338,5.771157,3.127931,62.007205,748.004138,69.275515,6.130776,4.099856,0.050822,-59.655685,-4.571177,-0.359619,-0.971925,61.956383,C,0.9
238,1VFB_WA92A,687.1937204999999,95.0364645,6.1179115,4.12003,6.9663185,748.004138,69.275515,6.130776,4.099856,0.050822,-60.8104175,25.760949500000002,-0.012864500000000001,0.020173999999999997,6.9154965,A,1.71
239,1VFB_WB52A,828.1512829999999,26.669638499999998,15.66188,3.9972000000000003,14.014698500000002,748.004138,69.275515,6.130776,4.099856,0.050822,80.147145,-42.6058765,9.531104,-0.102656,13.963876500000001,B,1.23
240,1VFB_YA32A,602.1440805,93.1475455,5.61955,3.894323,6.124119500000001,748.004138,69.275515,6.130776,4.099856,0.050822,-145.86005749999998,23.8720305,-0.511226,-0.20553300000000002,6.073297500000001,A,1.3
241,1VFB_YA49A,628.998025,101.164183,7.139731,3.466965,5.942566,748.004138,69.275515,6.130776,4.099856,0.050822,-119.006113,31.888668,1.008955,-0.632891,5.891744,A,0.8
242,1VFB_YA50A,593.1226280000001,92.080517,5.967867999999999,3.2855980000000002,6.1788454999999995,748.004138,69.275515,6.130776,4.099856,0.050822,-154.88151,22.805002,-0.16290799999999997,-0.8142579999999999,6.128023499999999,A,0.4
243,1VFB_YB101A,812.3825515,26.915864499999998,4.209828,3.928102,8.348010500000001,748.004138,69.275515,6.130776,4.099856,0.050822,64.3784135,-42.3596505,-1.920948,-0.171754,8.2971885,B,4.0
244,1VFB_YB32A,850.0879965,26.821448,16.177895499999998,3.7307995,13.496189999999999,748.004138,69.275515,6.130776,4.099856,0.050822,102.08385849999999,-42.454067,10.0471195,-0.3690565,13.445367999999998,B,0.5
245,1VFB_YC23A,683.407531,59.941355,6.709935,3.271184,62.147732,748.004138,69.275515,6.130776,4.099856,0.050822,-64.596607,-9.33416,0.579159,-0.828672,62.09691,C,0.4
246,3HFM_DH32A,747.876894,43.555855,10.80598,3.3153,12.632828,1308.038103,80.751865,19.755213,2.17318,3.657929,-560.161209,-37.19601,-8.949233,1.14212,8.974899,H,2.0
247,3HFM_DY101A,1749.5000653333334,6.875373,26.63526,0.28063133333333334,60.073568333333334,1308.038103,80.751865,19.755213,2.17318,3.6579290000000007,441.4619623333333,-73.876492,6.880047,-1.8925486666666667,56.41563933333333,Y,1.5
248,3HFM_HY15A,1567.881308,121.224195,26.990156,3.353137,71.897295,1308.038103,80.751865,19.755213,2.17318,3.657929,259.843205,40.47233,7.234943,1.179957,68.239366,Y,-0.5
249,3HFM_IY98A,1519.795881,116.531186,26.875056,3.340365,73.003871,1308.038103,80.751865,19.755213,2.17318,3.657929,211.757778,35.779321,7.119843,1.167185,69.345942,Y,-0.1
250,3HFM_KY96A,822.272446,161.66162200000002,17.7471195,3.7118415000000002,61.1944895,1308.038103,80.751865,19.755213,2.17318,3.657929,-485.76565700000003,80.909757,-2.0080934999999998,1.5386615,57.5365605,Y,7.0
251,3HFM_KY97A,852.395362,175.900414,26.017927,3.3407004999999996,72.12653499999999,1308.038103,80.751865,19.755213,2.17318,3.657929,-455.642741,95.148549,6.262714000000001,1.1675205,68.468606,Y,6.0
252,3HFM_LY75A,1502.790652,126.682578,26.037006,3.850382,71.889465,1308.038103,80.751865,19.755213,2.17318,3.657929,194.752549,45.930713,6.281793,1.677202,68.231536,Y,1.25
253,3HFM_NL31A,1185.398436,83.970106,31.091566,3.076445,50.332317,1308.038103,80.751865,19.755213,2.17318,3.657929,-122.639667,3.218241,11.336353,0.903265,46.674388,L,5.25
254,3HFM_NL32A,1123.665877,85.720149,29.394901,3.008248,59.369373,1308.038103,80.751865,19.755213,2.17318,3.657929,-184.372226,4.968284,9.639688,0.835068,55.711444,L,5.2
255,3HFM_NY93A,1541.922581,122.961787,26.576733,3.404919,69.475096,1308.038103,80.751865,19.755213,2.17318,3.657929,233.884478,42.209922,6.82152,1.231739,65.817167,Y,0.6
256,3HFM_QL53A,1149.055645,84.291139,31.496161,3.838449,64.955765,1308.038103,80.751865,19.755213,2.17318,3.657929,-158.982458,3.539274,11.740948,1.665269,61.297836,L,1.0
257,3HFM_RY21A,816.0205366666665,165.99347866666668,9.902642666666667,3.5387013333333335,29.604624333333334,1308.038103,80.751865,19.755213,2.17318,3.6579290000000007,-492.01756633333326,85.24161366666667,-9.852570333333333,1.3655213333333334,25.946695333333334,Y,1.0
258,3HFM_RY73A,1449.841431,152.866133,25.028013,4.995369,72.914752,1308.038103,80.751865,19.755213,2.17318,3.657929,141.803328,72.114268,5.2728,2.822189,69.256823,Y,-0.2
259,3HFM_SH31A,1187.053033,39.324248,10.14851,3.429958,10.3928,1308.038103,80.751865,19.755213,2.17318,3.657929,-120.98507,-41.427617,-9.606703,1.256778,6.734871,H,0.2
260,3HFM_SY100A,1535.85579,137.901205,27.244442,3.395379,72.546411,1308.038103,80.751865,19.755213,2.17318,3.657929,227.817687,57.14934,7.489229,1.222199,68.888482,Y,0.25
261,3HFM_TY89A,1493.302512,124.682023,30.136242,3.386637,72.217272,1308.038103,80.751865,19.755213,2.17318,3.657929,185.264409,43.930158,10.381029,1.213457,68.559343,Y,0.0
262,3HFM_WY63A,1498.625665,125.918413,26.755623,3.463196,72.961166,1308.038103,80.751865,19.755213,2.17318,3.657929,190.587562,45.166548,7.00041,1.290016,69.303237,Y,0.3
263,3HFM_YH33A,1154.900564,41.442079,9.750252,2.649143,14.909069,1308.038103,80.751865,19.755213,2.17318,3.657929,-153.137539,-39.309786,-10.004961,0.475963,11.25114,H,6.0
264,3HFM_YH50A,1115.202202,41.081553,11.391064,2.118829,13.458328,1308.038103,80.751865,19.755213,2.17318,3.657929,-192.835901,-39.670312,-8.364149,-0.054351,9.800399,H,7.5
265,3HFM_YH53A,1169.53326,32.961763,9.554427,3.124431,12.058676,1308.038103,80.751865,19.755213,2.17318,3.657929,-138.504843,-47.790102,-10.200786,0.951251,8.400747,H,3.29
266,3HFM_YH58A,1052.868907,40.637302,10.283061,3.56021,11.793103,1308.038103,80.751865,19.755213,2.17318,3.657929,-255.169196,-40.114563,-9.472152,1.38703,8.135174,H,1.7
267,3HFM_YL50A,1150.987715,83.082137,20.796812,2.985241,49.589731,1308.038103,80.751865,19.755213,2.17318,3.657929,-157.050388,2.330272,1.041599,0.812061,45.931802,L,4.6
268,3HFM_YL96A,1233.615255,83.03719,24.689566,3.683527,66.555784,1308.038103,80.751865,19.755213,2.17318,3.657929,-74.422848,2.285325,4.934353,1.510347,62.897855,L,2.8
269,3HFM_YY20A,1656.6455565,124.24228500000001,46.096941,3.006895,58.789981000000004,1308.038103,80.751865,19.755213,2.17318,3.657929,348.6074535,43.49042,26.341728,0.833715,55.132051999999995,Y,5.0
