pdb,chain,mutation,mcsm_ppi2_prediction,actual
1A22,A,M14A,0.003143333,0.1
1A22,A,H18A,-0.36547,-0.5
1A22,A,H21A,0.248053333,0.2
1A22,A,Q22A,-0.196666667,-0.2
1A22,A,F25A,-0.140213333,-0.4
1A22,A,D26A,-0.208706667,-0.2
1A22,A,Q29A,-0.455346667,-0.6
1A22,A,Y42A,0.327833333,0.2
1A22,A,L45A,1.225,1.2
1A22,A,Q46A,0.216396667,0.1
1A22,A,S51A,0.38544,0.3
1A22,A,E56A,0.54117,0.4
1A22,A,S62A,0.19362,0.1
1A22,A,N63A,0.314,0.3
1A22,A,R64A,1.5691,1.6
1A22,A,E65A,-0.389053333,-0.5
1A22,A,Q68A,0.59986,0.6
1A22,A,Y164A,0.648306667,0.3
1A22,A,R167A,0.32698,0.3
1A22,A,K168A,-0.098153333,-0.2
1A22,A,D171A,0.796273333,0.8
1A22,A,K172A,1.965636667,2
1A22,A,E174A,-0.925,-0.9
1A22,A,T175A,1.873503333,2
1A22,A,F176A,0.45873,1.9
1A22,A,R178A,2.25162,2.4
1A22,A,I179A,0.82823,0.8
1A22,A,R183A,0.554933333,0.5
1A22,A,E186A,0.000583333,0
1A22,B,R243A,2.11283,2.12
1A22,B,E244A,1.772223333,1.69
1A22,B,R270A,0.69,0.69
1A22,B,R271A,0.748383333,0.54
1A22,B,T273A,0.139756667,0.11
1A22,B,Q274A,0.06232,0
1A22,B,E275A,-0.052446667,-0.1
1A22,B,W276A,0.89541,0.51
1A22,B,W280A,0.01257,-0.02
1A22,B,S298A,-0.055,-0.05
1A22,B,S302A,-0.040736667,-0.2
1A22,B,I303A,1.608,1.61
1A22,B,W304A,3.92611,4.5
1A22,B,I305A,1.8083,1.94
1A22,B,E320A,-0.182,-0.19
1A22,B,K321A,0.081,0.08
1A22,B,S324A,0.274276667,0.28
1A22,B,D326A,0.995843333,0.99
1A22,B,E327A,0.954166667,0.97
1A22,B,D364A,1.417556667,1.49
1A22,B,I365A,1.90816,2.13
1A22,B,Q366A,0.1655,0.02
1A22,B,K367A,0.103146667,-0.02
1A22,B,W369A,3.83208,4.5
1A22,B,V371A,-0.617,-0.64
1A22,B,Q416A,0.823363333,0.89
1A22,B,R417A,0.274,0.28
1A22,B,N418A,0.291013333,0.3
1A22,B,S419A,0.039006667,0.03
1A22,B,E242A,0.188953333,0.18
1A22,B,N272A,0.188883333,0.28
1A22,B,T277A,0.17529,0.2
1A22,B,T301A,0.54211,1.76
1A22,B,T394A,0.172093333,0.2
1A22,B,K415A,0.770343333,0.79
1A4Y,A,W261A,0.331403333,0.1
1A4Y,A,W263A,1.323116667,1.2
1A4Y,A,E287A,0.097756667,0.1
1A4Y,A,S289A,0.042,0
1A4Y,A,W318A,1.945156667,1.5
1A4Y,A,K320A,-0.285233333,-0.3
1A4Y,A,E344A,0.394486667,0.2
1A4Y,A,W375A,1.246936667,1
1A4Y,A,E401A,0.976933333,0.9
1A4Y,A,Y434A,2.50883,3.3
1A4Y,A,D435A,2.834683333,3.5
1A4Y,A,Y437A,1.075226667,0.8
1A4Y,A,R457A,-0.08564,-0.2
1A4Y,A,I459A,0.679,0.7
1A4Y,B,R5A,2.085193333,2.3
1A4Y,B,H8A,0.870563333,0.9
1A4Y,B,Q12A,0.401216667,0.3
1A4Y,B,H13A,-0.238486667,-0.3
1A4Y,B,R31A,0.2662,0.2
1A4Y,B,R32A,0.65953,0.9
1A4Y,B,R33A,0.352666667,0.3
1A4Y,B,R66A,0.227636667,0.2
1A4Y,B,N68A,0.15626,0.2
1A4Y,B,R70A,-0.232,-0.2
1A4Y,B,H84A,0.176076667,0.2
1A4Y,B,W89A,0.308333333,0.2
1A4Y,B,E108A,-0.323,-0.3
1A4Y,B,H114A,0.736956667,0.65
1AHW,C,Y156A,3.794216667,4
1AHW,C,T167A,0.128713333,0
1AHW,C,T170A,1.030533333,1
1AHW,C,L176A,0.9789,1
1AHW,C,D178A,-0.484713333,-0.5
1AHW,C,T197A,1.168773333,1.3
1AHW,C,V198A,-0.134473333,-0.3
1AHW,C,N199A,1.074176667,1.1
1BRS,A,K27A,5.25588,5.4
1BRS,A,D54A,-0.889,-0.8
1BRS,A,N58A,3.036763333,3.1
1BRS,A,R59A,5.245,5.2
1BRS,A,E60A,-0.28102,-0.2
1BRS,A,E73A,2.303013333,2.8
1BRS,A,R87A,5.482663333,5.5
1BRS,A,H102A,6.143763333,6
1BRS,D,Y29A,3.343906667,3.4
1BRS,D,D35A,4.519416667,4.5
1BRS,D,D39A,7.571353333,7.7
1BRS,D,T42A,1.858,1.8
1BRS,D,E76A,1.359406667,1.3
1BRS,D,E80A,0.538363333,0.5
1BXI,A,N24A,0.28658,0.14
1BXI,A,D26A,0.398853333,0.34
1BXI,A,T27A,0.73992,0.73
1BXI,A,S28A,0.104786667,0.17
1BXI,A,S29A,0.650516667,0.96
1BXI,A,E30A,1.409596667,1.41
1BXI,A,E31A,0.55812,0.31
1BXI,A,E32A,0.381746667,0.22
1BXI,A,L33A,2.621583333,3.42
1BXI,A,V34A,1.344016667,2.58
1BXI,A,K35A,0.31961,0.19
1BXI,A,L36A,0.71721,0.91
1BXI,A,V37A,1.854646667,1.66
1BXI,A,T38A,0.623836667,0.9
1BXI,A,E41A,2.247786667,2.08
1BXI,A,E42A,0.460483333,0.66
1BXI,A,T44A,0.29696,0.3
1BXI,A,E45A,0.179743333,0.21
1BXI,A,H46A,0.61777,0.83
1BXI,A,S48A,0.22753,0.01
1BXI,A,S50A,1.895903333,2.19
1BXI,A,D51A,3.921653333,5.92
1BXI,A,L52A,0.521976667,0.6
1BXI,A,I53A,1.554486667,0.85
1BXI,A,Y54A,3.854956667,4.83
1BXI,A,Y55A,4.004183333,4.63
1BXI,A,D60A,0.36197,0.51
1BXI,A,S63A,0.45822,0.87
1BXI,A,V68A,1.281753333,1.86
1BXI,A,N69A,0.18142,0.28
1CBW,D,T11A,0.434013333,0.2
1CBW,D,K15A,2.24133,2
1CBW,D,R17A,1.56106,0.5
1CBW,D,I19A,0.86611,0.1
1CBW,D,R20A,0.161023333,0.3
1CBW,D,V34A,0.54217,0
1CBW,D,R39A,0.556356667,0.2
1CBW,D,K46A,0.091716667,0.1
1DAN,T,K15A,-0.349,-0.4
1DAN,T,T17A,0.181173333,0.1
1DAN,T,N18A,0.23787,0.2
1DAN,T,K20A,2.439,2.6
1DAN,T,T21A,-0.111173333,-0.2
1DAN,T,I22A,0.641316667,0.7
1DAN,T,E24A,0.713796667,0.7
1DAN,T,E26A,0.20946,0.1
1DAN,T,K28A,0.140723333,0.1
1DAN,T,Q37A,0.73193,0.55
1DAN,T,K41A,0.312143333,0.35
1DAN,T,S42A,-0.069,-0.1
1DAN,T,D44A,1.346686667,0.7
1DAN,T,K46A,0.888336667,0.25
1DAN,T,S47A,-0.076236667,0.05
1DAN,T,K48A,0.888613333,0.4
1DAN,T,F50A,0.498373333,0.4
1DAN,T,T52A,0.398466667,0.4
1DAN,T,D58A,1.9705,2.18
1DAN,T,K68A,-0.065543333,-0.1
1DAN,U,Y94A,0.312,1
1DAN,U,E99A,-0.157823333,-0.2
1DAN,U,K122A,-0.08679,-0.1
1DAN,U,E128A,0.08669,0.1
1DAN,U,D129A,0.029593333,0
1DAN,U,L133A,-0.028,0
1DAN,U,R135A,0.996133333,0.55
1DAN,U,T139A,-0.01541,0
1DAN,U,F140A,2.190073333,1.5
1DAN,U,R144A,0.01823,0
1DAN,U,D145A,0.094833333,0
1DAN,U,I152A,0.179,0.2
1DAN,U,S163A,0.038626667,0
1DAN,U,T167A,0.212,0.2
1DAN,U,K169A,0.118223333,0.1
1DAN,U,T172A,-0.010823333,0
1DAN,U,L176A,0.090586667,0.1
1DAN,U,K181A,0.023703333,0
1DAN,U,Y185A,-0.298873333,-0.35
1DAN,U,S195A,0.016826667,0
1DAN,U,T203A,0.127666667,0.1
1DAN,U,V207A,1.575736667,-0.2
1DAN,U,E208A,0.009886667,0
1DFJ,I,E202A,0.881873333,1
1DFJ,I,W257A,1.807216667,1.3
1DFJ,I,W259A,0.810853333,2.2
1DFJ,I,E283A,0.611853333,1.3
1DFJ,I,S285A,0.290113333,0.8
1DFJ,I,W314A,1.049806667,1
1DFJ,I,K316A,0.54272,1.3
1DFJ,I,E340A,0.613806667,1.6
1DFJ,I,E397A,0.917806667,1.3
1DFJ,I,R453A,0.427693333,0.8
1DFJ,I,I455A,0.836833333,0.3
1DFJ,I,Y430A,1.924493333,5.9
1DFJ,I,D431A,1.041073333,3.6
1DFJ,I,Y433A,2.23727,2.6
1DN2,A,N434A,0.790946667,1.5
1DN2,A,H435A,1.934226667,1.5
1DN2,A,Y436A,1.80497,1.5
1DN2,E,V10A,1.959363333,2
1DN2,E,W11A,2.207256667,2
1F47,A,D4A,0.669773333,0.7
1F47,A,Y5A,0.875343333,0.9
1F47,A,L6A,0.938733333,0.9
1F47,A,D7A,1.751706667,1.8
1F47,A,I8A,2.516,2.5
1F47,A,F11A,2.41019,2.5
1F47,A,L12A,2.295,2.3
1F47,A,K14A,-0.03935,0
1F47,A,Q15A,-0.03579,0
1FC2,C,N147A,0.574446667,0.6
1FC2,C,I150A,5.173003333,2.2
1FC2,C,K154A,1.468813333,1.2
1FCC,C,T25A,0.26531,0.24
1FCC,C,E27A,4.938,4.9
1FCC,C,K28A,1.273476667,1.3
1FCC,C,K31A,3.494086667,3.5
1FCC,C,N35A,2.365,2.4
1FCC,C,D40A,0.276166667,0.3
1FCC,C,E42A,0.422753333,0.4
1FCC,C,W43A,3.773,3.8
1GC1,C,K1A,0.114543333,0.06
1GC1,C,K2A,0.085866667,-0.02
1GC1,C,K8A,0.045143333,0.1
1GC1,C,D10A,0.043923333,0
1GC1,C,T11A,0.044566667,0
1GC1,C,T15A,0.249873333,0.32
1GC1,C,S19A,0.002056667,0
1GC1,C,Q20A,0.015166667,-0.02
1GC1,C,K21A,-0.002836667,-0.13
1GC1,C,K22A,0.167243333,0.24
1GC1,C,S23A,0.285873333,0.29
1GC1,C,Q25A,0.101846667,0.03
1GC1,C,H27A,0.303263333,0.28
1GC1,C,K29A,0.76485,0.59
1GC1,C,N30A,0.225703333,0.17
1GC1,C,S31A,0.11154,0.1
1GC1,C,N32A,0.18179,0.18
1GC1,C,Q33A,0.161333333,0.1
1GC1,C,K35A,0.353303333,0.32
1GC1,C,N39A,0.481726667,0.46
1GC1,C,Q40A,0.069746667,-0.41
1GC1,C,S42A,0.033016667,0
1GC1,C,L44A,1.131593333,1.04
1GC1,C,T45A,0.41797,-0.15
1GC1,C,S49A,0.58896,0.6
1GC1,C,K50A,0.04362,0.05
1GC1,C,N52A,0.670563333,0.7
1GC1,C,D53A,0.255626667,0.3
1GC1,C,D56A,0.020886667,-0.07
1GC1,C,R58A,0.237056667,0.13
1GC1,C,R59A,1.13899,1.16
1GC1,C,S60A,-0.01585,-0.09
1GC1,C,D63A,0.044976667,-0.32
1GC1,C,Q64A,0.344336667,0.44
1GC1,C,N66A,0.055413333,-0.03
1GC1,C,K72A,0.13372,-0.02
1GC1,C,N73A,0.085376667,-0.11
1GC1,C,K75A,0.158,0.16
1GC1,C,E77A,0.55573,0.56
1GC1,C,T81A,0.078056667,1.5
1GC1,C,E85A,1.309853333,1.31
1GC1,C,V86A,0.015946667,-0.07
1GC1,C,E87A,0.18682,0.22
1GC1,C,D88A,-0.019006667,-0.07
1GC1,C,Q89A,0.18242,0.17
1GC1,C,K90A,0.117523333,0.05
1GC1,C,E91A,0.046426667,-0.13
1GC1,C,E92A,0.026546667,0.02
1GC1,C,Q94A,-0.07844,-0.11
1JCK,B,T20A,1.650643333,1.4
1JCK,B,N23A,2.065616667,2.5
1JCK,B,Y26A,1.63793,1.7
1JCK,B,N60A,1.591236667,1.3
1JCK,B,Y90A,2.596,2.5
1JCK,B,V91A,1.92104,2.1
1JCK,B,K103A,0.7246,0.4
1JCK,B,F176A,2.093993333,1.9
1JCK,B,Q210A,2.06151,2.5
1JRH,L,E27A,0.561216667,0.54
1JRH,L,D28A,0.492743333,0.44
1JRH,L,Y30A,1.197886667,1.1
1JRH,L,Y91A,0.581,0.58
1JRH,L,W92A,2.791543333,2.8
1JRH,L,S93A,-0.315683333,-0.65
1JRH,L,T94A,0.533853333,0.38
1JRH,L,W96A,2.231796667,1.7
1JRH,H,Y32A,1.439793333,1.4
1JRH,H,W52A,2.686393333,2.7
1JRH,H,W53A,2.065263333,2.4
1JRH,H,D54A,1.675583333,1.9
1JRH,H,D55A,1.321906667,1.7
1JRH,H,D56A,1.652673333,1.8
1JRH,H,Y58A,1.260586667,1.2
1JRH,H,R95A,0.60647,0.54
1JRH,H,F98A,0.001533333,0
1JRH,H,Y99A,0.954666667,1.1
1JRH,H,H100BA,1.720243333,1.7
1JRH,I,K47A,3.579,3.6
1JRH,I,N48A,-0.293,-0.3
1JRH,I,Y49A,3.275326667,3.4
1JRH,I,V51A,1.915013333,1.9
1JRH,I,K52A,3.001393333,3
1JRH,I,N53A,3.894,3.9
1JRH,I,S54A,0.298,0.3
1JRH,I,E55A,-0.42677,-0.4
1JRH,I,N79A,-0.301256667,-0.4
1JRH,I,W82A,4.529,4.5
1JRH,I,R84A,-0.198626667,-0.3
1JRH,I,K98A,0.006716667,0
1NMB,H,Y99A,2.117136667,1.5
1VFB,A,H30A,0.830136667,0.8
1VFB,A,Y32A,1.93517,1.3
1VFB,A,Y49A,1.16279,0.8
1VFB,A,Y50A,0.71026,0.4
1VFB,A,T53A,0.591883333,-0.23
1VFB,A,W92A,2.469583333,1.71
1VFB,A,S93A,0.583816667,0.11
1VFB,B,T30A,-0.04819,0.09
1VFB,B,Y32A,0.513006667,0.5
1VFB,B,W52A,0.364,1.23
1VFB,B,N56A,0.190613333,0.2
1VFB,B,D58A,-0.17116,-0.2
1VFB,B,E98A,1.28461,1.1
1VFB,B,R99A,0.181583333,0.47
1VFB,B,D100A,2.874073333,3.1
1VFB,B,Y101A,2.40802,4
1VFB,C,D18A,0.34,0.3
1VFB,C,N19A,0.538626667,0.3
1VFB,C,Y23A,0.446416667,0.4
1VFB,C,S24A,0.85336,0.8
1VFB,C,K116A,0.714,0.7
1VFB,C,T118A,0.755126667,0.8
1VFB,C,D119A,0.990333333,1
1VFB,C,V120A,0.910606667,0.9
1VFB,C,Q121A,2.79229,2.9
1VFB,C,I124A,1.226476667,1.2
1VFB,C,R125A,1.82442,1.8
1VFB,C,L129A,0.169393333,0.2
2PTC,I,K15A,7.43095,10
3HFM,L,N31A,4.8761,5.25
3HFM,L,N32A,4.998973333,5.2
3HFM,L,Y50A,4.443806667,4.6
3HFM,L,Q53A,0.879436667,1
3HFM,L,Y96A,2.877886667,2.8
3HFM,H,S31A,0.19453,0.2
3HFM,H,D32A,1.83476,2
3HFM,H,Y33A,4.811203333,6
3HFM,H,Y50A,6.46632,7.5
3HFM,H,D101A,0.622046667,3.75
3HFM,H,Y53A,2.844983333,3.29
3HFM,H,Y58A,1.649,1.7
3HFM,Y,H15A,-0.09208,-0.5
3HFM,Y,Y20A,4.0868,5
3HFM,Y,R21A,1.283713333,1
3HFM,Y,W63A,0.384126667,0.3
3HFM,Y,R73A,-0.328636667,-0.2
3HFM,Y,L75A,0.677263333,1.25
3HFM,Y,T89A,-0.002556667,0
3HFM,Y,N93A,0.211,0.6
3HFM,Y,K96A,6.955576667,7
3HFM,Y,K97A,5.525356667,6
3HFM,Y,I98A,0,-0.1
3HFM,Y,S100A,0.28701,0.25
3HFM,Y,D101A,1.254556667,1.5
